loc_batch,"4-Chloro-N,N-dimethylbenzamide",Abacavir,Acesulfame,Acetamiprid,Alachlor,Albuterol,Amisulpride,Apalutamide,Atenolol,Atrazine,Bentazon,Benzophenone,Bezafibrate,Bromoxynil,Caffeine,Capecitabine,Carbamazepine,Carbendazim,Carbetamide,Chlorotoluron,Cilastatin,Clofibric acid,Clomazone,Clomethiazole,Clopidogrel carboxylic acid,Codeine,Crotamiton,Cyclamate,Cyclophosphamide,DEET,Darunavir,Deprenyl,Diazepam,Diclofenac,Dimefuron,Dimethenamid,Diuron,Doxylamine,Emtricitabine,Etodolac,Febuxostat,Fenhexamid,Fenoxycarb,Fexofenadine,Fludioxonil,Flufenacet,Furosemide,Ganciclovir,Gliclazide,Icaridin,Ifosfamide,Indomethacin,Iprovalicarb,Isoproturon,Ketamine,Ketoprofen,Lamivudine,Lamotrigine,Levamisole,Levetiracetam,Lisinopril,Losartan,Mecoprop,Mefenamic acid,Mesotrione,Metoclopramide,Metolachlor,Metoprolol,Metoxuron,Mexiletine,Mirabegron,Mirtazapine,Moclobemide,Monuron,Morphine,Mycophenolic acid,Naloxegol,Naloxone,Napropamide,Naproxen,Normorphine,Olmesartan,Oseltamivir,Pantoprazole,Paracetamol,Pargyline,Perindopril,Picoxystrobin,Pioglitazone,Pirfenidone,Pravastatin,Primidone,Prometryn,Propachlor,Pseudoephedrine,Quetiapine,Ranitidine,Rivaroxaban,Rivastigmine,Rosuvastatin,Rufinamide,Saccharin,Sacubitril,Simeton,Sitagliptin,Sotalol,Sulfadiazine,Sulfamethazine,Sulfamethoxazole,Sulfapyridine,Sulfathiazole,Tebutam,Tenofovir,Terbuthylazine,Terbutryn,Torsemide,Tramadol,Trazodone,Trinexapac-ethyl,Valsartan,Venlafaxine,Vildagliptin,Vorinostat
air_dw3_r2,0.0033598492507226,0.008066713029687,0.0027894609974956,0.004548781522752,0.0074620542383364,0.004989227922019,0.0031583454677802,0.0068488681536076,0.0181251654682834,0.0029115840481526,0.0025806934773435,0.0065170394769704,0.0038004702590624,0.0025951229605281,0.0160896150117955,0.0065451599673507,0.0038455061326429,0.0024662009476337,0.0034377979880796,0.0027413167664929,0.048591119502001,0.0027369937477654,0.0015734699504472,0.0019436058819603,0.0043288827078596,0.0049682439700102,0.0035126704004923,0.004048698018549,0.0031834880107506,0.0029151801146588,0.0052136416519086,0.0155960660575813,0.0029087321249143,0.0034394174422129,0.0034011909521848,0.0038859228360816,0.0031830012894971,,0.0035887516305469,0.0068289307319932,0.0032869748643922,0.0100177423923806,0.0768180083003928,0.0032203875738434,0.0157618463657927,0.0010975053714356,0.0116267690607697,0.0057799963957144,0.0074464891879041,0.0047331077893704,0.0022396031471172,0.0010975053714356,0.0047462725913345,0.0032297201286143,0.0061730746453647,0.0025052440090869,0.0033986287063538,0.0031876915799083,0.0087126691153257,0.0028056416130028,0.0056811218784819,0.0054450556404035,0.0025811396667637,0.0040823552621787,0.0026756005574805,0.0056514433423627,0.004038919163139,0.0187310916757702,0.0027892326969956,0.0149262520376842,,,0.0032397165080483,0.0043481118359179,0.0175671011600053,0.0106093261423723,0.0082835481343005,0.0251804105917563,0.0038598953240471,0.0035435977274839,0.0243298166813954,0.0030452675444273,0.0042516533585317,0.0048780084729776,,0.0073397076959104,0.0029746707264419,0.0060270764855387,0.0319889971710086,0.0031434776433296,0.0028656400144448,0.0034617619668792,0.0033977032774858,0.0876929435042021,,,0.0077657964243434,0.005111368685132,0.0142818591874663,0.0031564297291935,0.0036616596659548,0.0041911580607539,0.0052976495178291,0.0027517962757421,0.0038324685904304,0.0032488902016032,0.0074548475354967,0.0087104106143533,0.0091200475501627,0.0113100376187818,0.0129952558482751,0.0027928470331871,0.819047771856623,0.0027465708681347,0.0048035541352462,0.003166482258184,0.0043493461471463,0.015923250534601,0.0125726245119787,0.0027272932514366,0.0057866724841582,0.0031355232729817,0.0444432710656631
oli_up1_r1,0.0024671398355164,0.0184784965743391,0.0018981997326079,0.0038209529410813,0.0170468636199732,0.0021677651472607,0.0021250316052643,0.0055783348409374,0.0068292925988973,0.0016873040834387,0.0017175546868139,0.0050457395349168,0.0038412351293002,0.0034632307580252,0.186322722946954,0.0035003057721776,0.0024273155951359,0.0018355912880195,0.002156086938072,0.0010975053714356,0.118308752977973,0.0019846055057246,0.0019770481519271,0.0016046594901609,0.0041853417567532,0.0050841364734834,0.0022419056776808,0.0012404917765363,0.0011464998851562,0.0019284655963272,0.0049320144441881,0.017443510969123,0.0016456625795798,0.0028194035735139,0.0011394539932301,0.002602152430993,0.0014747201277229,0.0063712300571357,0.0028683295399752,0.0071276874792848,0.0018851819496912,0.0054333495600446,0.0296833916578931,0.0015671234216758,0.0204377915203903,0.0032283817316155,0.0114032496039821,,0.005764357383878,0.0106231960533177,0.002787653191844,0.0010975053714356,0.0019947854674909,0.0021595794708857,0.0100863034461998,0.0027079962543656,0.0033260340164834,0.002535251134665,0.0162518829716672,0.0026458223218531,0.0412986325290633,0.0061680023737964,0.0036510306282851,0.0025380759719787,0.0029511218306176,0.0052884390285974,0.0035271351870238,0.0034418519133125,0.0018998602333805,0.0161202248042475,0.0225314557905931,0.0300201675437765,0.0050118352104845,0.0031463569799564,0.004604154365728,0.0088632655993504,0.0022937490138317,0.0052039316689417,0.0025184851445,0.0073137623107478,,0.0026770267024687,0.0017757852901933,0.0047546943131058,0.0085554529706597,,0.0023258338009336,0.0027977876164339,0.0304998268546029,0.0030772694157068,0.0023271379712334,0.0017315492628977,0.0023445741866258,0.0410675471924037,0.0072063345697891,0.0153411242534041,0.0067921201401657,0.0021702905043212,0.0074092466193322,0.0011278956784139,0.0048629236661529,0.0037510758906709,0.003369648356854,0.0021119650057367,0.0026854945715977,0.0019809372186902,0.0377899615643251,0.0262477422720537,0.0296859271565404,0.0380642212426945,0.0375638340897788,0.0018616448626943,,0.0018908280143119,0.0025834023159448,0.0020005975516245,0.0030589836048672,0.0169234575358249,0.0213539060619533,0.0014960553140655,0.002493840638217,0.003114572657924,0.0296255494125992
oli_up1_r2,0.0040570094558569,0.011391402026889,0.0037431794235393,0.0043811576486604,0.0219070580098823,0.0068510980676456,0.0050025150672003,0.0134296582876493,0.0175297029937122,0.0037089883106372,0.0036487168264549,0.0150218083011914,0.0043773073214922,0.004422684100371,0.0920339463659432,0.0070222449995556,0.0039113867066795,0.003439177483581,0.0041547544076097,0.0038704909016241,,0.0038577686938274,0.0035150751142314,0.0036000328463206,0.0050035265301805,0.0071401696267141,0.0043761544022464,0.0034803264576359,0.0036899392789645,0.004005979272997,0.0063937060504783,0.0212157517676683,0.003806337509206,0.0041775612955878,0.0035520955698406,0.0051512953235461,0.0040224959485372,0.0269053006037433,0.0045090251480221,0.0106336455767711,0.0038429234044023,0.0112600698048047,0.125386887504767,0.0039323025333632,0.0222069354639813,0.0083305953338936,0.0088088105950917,,0.0065618956237399,0.0081059252133526,0.0048754777854125,0.0013295651615496,0.0050026525192543,0.0039538339355793,0.009060388073741,0.0037470376218645,0.0044543925357334,0.0041320559879323,0.0193779196516693,0.0064880981882807,0.0298073738346504,0.0058147327962738,0.0041328562603854,0.0060609846405086,0.0042482253975895,0.0087670699842227,0.0061719827003035,0.0147152425361685,0.0043445394597825,0.0196366625150945,0.0394332444450156,0.0271177715211408,0.0053665684420558,0.0055517709687485,0.0154405529972719,0.0305008637011339,0.0121021660258624,0.019825236076249,0.0051143338196069,0.0055683515555442,,0.0045138910781205,0.0024794447031625,0.005730072983481,0.0155502043156112,,0.0048030382870621,0.0077399599635145,0.0992341666611576,0.0047635846786081,0.0041929742936302,0.0035864308947862,0.0051119743990201,0.0854994011085827,0.0059148948473514,0.0170580307287091,0.0105879163044181,0.0041411840165717,0.0221510540617294,0.0041548162838904,0.0195650475728337,0.0029394245590779,0.0053204080961029,0.0039157886809684,0.0067309316062781,0.004431173529206,0.0180569074328136,0.0151885111052381,0.0145017673146593,0.0232170246497352,0.0188824287527798,0.0041086495616692,,0.0042662964192869,0.0051755276545761,0.0042611053873725,0.0065549304558567,0.0177882205088337,0.011140110597559,0.0039837381682446,0.008424461739847,0.0046882002095055,0.125690947948258
oli_up2_r1,0.0040860721671186,0.0108347129828611,0.0029588652454262,0.005618629908844,0.0181377293702787,0.0071354379177135,0.003964068834146,0.0077064730484737,0.0222303612176716,0.003486317500779,0.0032025660958747,0.0175796103260859,0.0042000410250202,0.0038810793322042,0.0481214181470271,0.0082889978696871,0.0041627631109025,0.0031884022175922,0.0040277928779104,0.0030080523400734,0.0623965589552313,0.0036233130176218,0.0030282307351904,0.0023584065386489,0.0044536650068114,0.0071554157088474,0.0047875372699801,0.0034891275612998,0.0031079913017554,0.0031377672365174,0.0054627769650308,0.020940891667204,0.0039034712474395,0.0038443346562863,0.0035732574518719,0.0043385060331088,0.0035280429291664,0.0372495073840307,0.0035775473831495,0.0141465781565526,0.0023439943298597,0.0166165436110533,0.0914166836148702,0.0033572844910962,0.0245554544158299,0.0051303542076397,0.0108000401241035,,0.0059131891935194,0.0069784979121708,0.0051049349772692,0.0010975053714356,0.0064057078607939,0.0036273445502987,0.0077976649773332,0.0032183998196496,0.0044605993976864,0.0037019400398081,0.0238331703435224,0.0033268967156221,0.0079270492469093,0.006412613992686,0.0033546160447616,0.0067605655026971,0.0032594396271896,0.0082791565527353,0.0049324888447812,0.0247061063641379,0.0035322375476035,0.0172793484168609,0.0293329481571901,0.019422041035838,0.0049757497761586,0.005692899806529,0.0212615020838389,0.0416389370763554,0.0105602558899275,0.0264606125016281,0.0054505538288716,0.0061645082859228,,0.0045206055689032,0.0035286915698559,0.005498798493036,0.0235617594417652,,0.0045515257146622,0.0072737438247659,0.116452518730168,0.0043827165212206,0.0038826259895316,0.0032774929593357,0.0041912083934711,0.107576437465715,0.0043853653366961,0.0111980211078545,0.0092289175664691,0.0044303924054959,0.0330089995442812,0.0034457109692024,0.010872259721242,0.004082045194348,0.0040647978510583,0.0034394931408247,0.0057329932170757,0.0028666167897147,0.0206614702124565,0.0175148162133766,0.0176511211706238,0.0237003783133104,0.0247141585570282,0.0039582044205009,,0.0033122971200186,0.0044260430845942,0.0033005155238824,0.0070103460269019,0.0144085055138169,0.0150141715829272,0.0036228637702703,0.0101002730379548,0.0038826557226363,0.0909490442491407
oli_up2_r2,0.0020814758245224,0.0114797834775145,0.0021174501831033,0.0033810854505416,0.0187729593231376,0.0058546311077918,0.0037834092499182,0.0095578916445566,0.0276106465405428,0.002354992690809,0.0020134404193637,0.0180604618583691,0.0038466814545951,0.0019351410007678,0.0358981610203319,0.0077206313845066,0.0026534978840808,0.0026234798749287,0.0023071489327291,0.0020876170748119,0.0622796337304724,0.0021768903717321,0.0016674351256144,0.0018812640238621,0.0030193638863504,0.0064847105450799,0.0026717435367671,0.0021572494532328,0.0014884536729098,0.0021039628897195,0.0060898398252769,0.0293462532287536,0.0025233198814717,0.0026333682885032,0.0030541361812644,0.0037869494673977,0.0023594245248824,0.044375877545234,0.0024364142977997,0.0103651684919265,0.0023438918090117,0.0138877126628611,0.0793241985437038,0.0025373243773363,0.0305576339399181,0.0042959980406258,0.0110359150895802,,0.0062447358761421,0.0065424854048985,0.002598097215522,0.0010975053714356,0.0044682670780342,0.0026013501097415,0.0068090659311428,0.0019376447514462,0.0015984519616638,0.0026709053988176,0.0268623773060777,0.0021616616662664,0.0084496647127596,0.0056680433111623,0.0025252007878839,0.0052996935801892,0.0020273209964943,0.0100710063708953,0.0043665096299837,0.031759176874077,0.0020580473554701,0.0176132098224759,0.0426530170027689,0.0187835947434744,0.0034216430198643,0.0029843204550194,0.0252900337584916,0.0339233972172184,0.0134250800511974,0.0268583266032917,0.0039984662284019,0.0038751402093787,,0.0024613334461691,0.0026221822393755,0.0037869633919283,0.024569395132286,,0.0030798562934986,0.006870746984699,0.112115690440038,0.0032924838012924,0.0030081898217601,0.0018426027390372,0.0039813127715069,0.103558046256633,0.0040407863140911,0.0135684942691358,0.0114290604236687,0.0035252071192009,0.0456542654621757,0.0033560118113447,0.0073358488253747,0.0016197627255917,0.00405244794332,0.0024358759163029,0.0051578576235842,0.0017966967613921,0.0118904939674521,0.011895054965978,0.0118965549433109,0.0178178868565581,0.0161817579369985,0.0010975053714356,,0.002465091874005,0.0040450301366528,0.002299093524033,0.0074146706496194,0.0159675220290224,0.0109889783805689,0.0019756898314923,0.0113492130571673,0.0024542737141885,0.092028127877372
oli_dw1_r1,0.0019924524670697,0.0089327657531001,0.0013097574734162,0.0029978288905714,0.0201931133035604,0.0034215879422591,0.0026553890514785,0.0067477085696343,0.0152786055432971,0.0018770724157399,0.001642146379802,0.0084625652183164,0.0024342758368188,0.0010975053714356,0.0513012454298804,0.0047546262773638,0.0024287705968544,0.0020629022505977,0.002232696015687,0.0010975053714356,0.065522095447307,0.0020994989233698,0.0016672046308654,0.0013039817056783,0.0028305883757225,0.0038386297694094,0.0025959866004576,0.0127029870206613,0.0010975053714356,0.0023950672244046,0.0051142181419477,0.0325501227757663,0.0015484598997294,0.001722061277861,0.0010975053714356,0.0028231851542316,0.0015283873183905,0.0150118532025021,0.0022980713123058,0.0092742521575071,0.0013237700941307,0.0077150782887519,0.0566770143587575,0.001841289313798,0.0297003056262514,0.0041405860263787,0.0120257487788391,,0.0053065930652764,0.0047674494729373,0.0025619049498613,0.0010975053714356,0.0026684108849657,0.001908856454573,0.010026189776354,0.0013407914044201,0.0032635370471729,0.002301966641705,0.018088809640608,0.0180159814012505,0.005373534915421,0.0070859911914398,0.002159150807731,0.0037839607896216,0.0025147383945794,0.0052248999007107,0.003572817680985,0.0121720910631637,0.0016926049060405,0.017823109678647,0.0330622767589553,0.0257188036602941,0.0035488082147014,0.0029987243750813,0.0134506839177208,0.0263673155232663,0.0065548915866043,0.014491805359701,0.0022157388924458,0.0026101881420235,,0.0030600728819443,0.0018789582774743,0.0028091804749788,0.214288588720219,,0.0024370849820219,0.0037396373381743,0.0414033826532335,0.0032446320948961,0.0018131149072283,0.0015503405608349,0.0034134534309928,0.059107336834523,0.0084165219281951,0.0132552978976603,0.0084533202312468,0.0029349752173452,0.0116289767345048,0.0020461364693678,0.0044303684444268,0.0196334818902945,0.0023315966605544,0.0015165979801045,0.0036365185083483,0.0019875291408664,0.0336538134840295,0.0240729660927261,0.0264743825027252,0.0413815158252477,0.034983141011341,0.0029181528952989,,0.0019331802681919,0.0032531094579377,0.001701015788184,0.0036638419656282,0.0173497295365694,0.0150076657269498,0.0013856712042044,0.0045690766101108,0.0029809435096158,0.050847957724711
oli_dw1_r2,0.0026860861987538,0.0145904214575068,0.002540528871344,0.0035211680963422,0.0310327175207617,0.0153250897967673,0.0035198405745404,0.0236537750879781,0.028591091096527,0.0025226966378214,0.0023820946468508,0.0170839918786967,0.0028364156095816,0.0031554359112895,0.069620944441804,0.0067192093435918,0.0030136787589848,0.0026034124029895,0.0027884043227265,0.0020633502693596,0.147078211505402,0.0028360498339935,0.0018536748373446,0.004410900083737,0.0032549694236706,0.0070624761966817,0.003421714654391,0.0083614389354031,0.00225508054076,0.0027475079300529,0.0061054880456331,0.0312132054865717,0.0027858141424935,0.0030746881959734,0.0021862010735732,0.0042115110498221,0.0028171938566644,0.0395576270328486,0.0032508725394774,0.0282937589165486,0.0023756672064762,0.0269275951414184,0.0970768294672131,0.0030848088314586,0.0259999764845136,0.0071402796655075,0.0109663372403839,,0.0060605786344295,0.009658846983399,0.0029674617004492,0.0010975053714356,0.005249932202495,0.0029639657644158,0.00899009469917,0.0022718347090779,0.0036459379336173,0.0028969896992067,0.0245560530753392,0.0079478533731257,0.0216309171621515,0.0063932844120938,0.0030759204127594,0.0087979817830227,0.0026543167425517,0.0090742780985566,0.0055741115194269,0.0284327088054355,0.0028070265130572,0.0219554773683086,0.0414919628319768,0.025270528889412,0.0045530219569479,0.004011798197553,0.042138364021105,0.0658012398571155,0.0254458869651778,0.0591760092057347,0.0036495096713378,0.0057816256807661,,0.003615246999109,0.003003883458222,0.0040669309516848,0.125403626237264,,0.0037711325550384,0.0058933823287227,0.0950660271808535,0.0032924628243542,0.0030697378967553,0.0025993375358695,0.004412502266414,0.102984139955806,0.0070015459381424,0.0164954537021191,0.011692246976869,0.0038290713396589,0.0292010221260003,0.0025661283509999,0.0124404122643818,0.0094539153281833,0.0036320761268849,0.0026660559982601,0.0068733460038363,0.0035388371666024,0.0318763690706154,0.0191852102113012,0.0202711701845997,0.0354984326807848,0.0269455916181797,0.0044157803761797,,0.0027315456100183,0.0041786671330965,0.0025485725766223,0.0071403428099807,0.018948162626193,0.0150361246766268,0.0025904236117905,0.0101509819677012,0.0031600245218623,0.117221105144416
air_up1_r1,0.0031743482825345,0.011156803305063,0.002437625693654,0.0035458540689246,0.0087984892713901,0.0095709858334682,0.0039462630681482,0.0106167639174799,0.0278342691986602,0.0023358290984106,0.0023628876868613,0.0137206723262551,0.0035454039727264,0.0018311390771965,0.0170061540050034,0.0077066247502676,0.0039933205523459,0.0030958317577957,0.0032150071892543,0.0022784192786146,0.0768638777823163,0.0023137586836182,0.0020064012374385,0.0031084594544181,0.0035505051587766,0.0055307855143997,0.0035997849702233,0.0022018290135423,0.0025049044649737,0.0018123746447102,0.0048051102316396,0.012486148723415,0.0025569406264126,0.0022917446682237,0.003018613042129,0.0034628012724353,0.0026986458772401,0.0362102327549144,0.0028887748512593,0.0222238155849283,0.0027601960261264,0.0278235895194174,0.0649872239982297,0.0028867360408957,0.0127794235979496,0.0052454892740484,0.0061103950511641,0.0028163537441199,0.0050201695490623,0.0052171296280944,0.002338977092517,0.0014690988351737,0.0065760734164016,0.0026488247185847,0.0052208435863112,0.0019915540838534,0.0036543515117158,0.0026609773588957,0.0171210680902483,0.0021186237492701,0.0081295862869885,0.0036077601330791,0.0028002531066985,0.0065363186871877,0.0026773242782794,0.0083493036437946,0.0034444822412133,0.0418426152074944,0.0022898703999667,0.0197660541775723,,,0.0028692986170021,0.0041249224630274,0.0296879557278518,0.168889221035127,0.0176983587640166,0.0428716623336638,0.0052594327925271,0.003675017069978,0.0386603690504889,0.0023222289486165,0.0027359085452849,0.0037300641805697,,0.007082155658777,0.0025871567606979,0.0089528240413183,0.0903740242678286,0.0025912566238289,0.0027696464324428,0.002190019203782,0.0035770887105832,0.0620052626640478,,,0.0143807216701706,0.0032080356336109,0.0276738510566912,0.0025083076756501,0.0039433933179779,0.0029448307862587,0.0035166608124909,0.0020743871357735,0.0042057991567181,0.0031401617071735,0.0069290357319197,0.007052024057722,0.0072694409596382,0.0110939438076173,0.0136496237489329,0.0026086697440328,1.15129254649702,0.0026355329751525,0.0032414750585861,0.0026220907742511,0.0061189047330722,0.0160731672696125,0.0087923203806727,0.002494621066309,0.0087670682183729,0.0025678292098708,0.0658434742907142
oli_dw2_r1,0.0020020494294633,0.0088278718172621,0.0016504244002104,0.0018274504795144,0.0134703228121163,0.0025015477410753,0.0025068193538755,0.0042957073644616,0.0078746038020535,0.0019905651382586,0.0018873505663148,0.0070610365102566,0.0025089904754183,0.0024936949928166,0.0271318298090837,0.0034396205586541,0.0022177401528003,0.0020553188902915,0.0030318324353135,0.0016134381129323,0.0621664681051401,0.0020235329968176,0.0012922538974089,0.0020394774268008,0.0036794896546017,0.0035775072626777,0.0028975288999525,0.0016727151588515,0.0015899933387994,0.0016689551497787,0.0055907631710062,0.023889844693888,0.0023866946629016,0.0025902418984529,0.0010975053714356,0.0028556442679123,0.0018698467866909,0.0047220389316862,0.0018593575391181,0.0061616622482084,0.0012114672391711,0.0059732359666106,0.0223743775323175,0.0023952425201956,0.0364656428901848,0.0035585100741813,0.0169363444585874,,0.0059423299906018,0.0026990533921922,0.0023407155089293,0.0010975053714356,0.001899032650482,0.0020005289464175,0.009819871238482,0.0018511033559842,0.0025761424769897,0.0026193342639319,0.0145146380928851,0.0036222153898646,0.017293082720672,0.0088855803339823,0.002461674854643,0.0017064455705979,0.0035849246008126,0.0048436690775894,0.0034579065402104,0.0029576223840379,0.0024986301793861,0.0112228631052956,0.0278902421347577,0.0235550185848039,0.0043581805607891,0.0041966999733308,0.0074590453650475,0.0097578639710588,0.0037837385001865,0.0053232886126865,0.0025523140353963,0.0049837408096046,,0.0041236808914818,0.001856525419025,0.0038205652751711,0.0501189259485659,,0.0023111660623733,0.0021828035083215,0.014241863318724,0.0015668226661798,0.0019125850981054,0.0020540951009713,0.0037182272631609,0.0332509704814689,0.0031303181644989,0.0148049414044399,0.0077853372302425,0.0021297889215047,0.0042941435997403,0.0021854093410306,0.0029295962053618,0.0052736903218296,0.0022008860017622,0.0018132121162168,0.0029851375856992,0.0021701826494516,0.0222756458807348,0.0144496615978662,0.0194643958134894,0.0297098531603242,0.0314290358697058,0.0020187334862132,,0.0020486548209391,0.0032824787220762,0.0021714109095715,0.0022763968308153,0.0192525265358282,0.0124309652595164,0.0016395700469433,0.0022901210156316,0.0026678693517132,0.020641301694817
oli_dw2_r2,0.0022780399705487,0.0096775934142462,0.0018956361818746,0.0026041445677469,0.0061371799531895,0.0020818550877898,0.0023843235361489,0.0032452328007892,0.0091239601481143,0.001649174476428,0.0019974764468188,0.0035771712943608,0.0027820888759437,0.0022263229630924,0.0924242368472434,0.0031884528432683,0.0022818024122047,0.0018149436229466,0.0032212159589866,0.0011260442886947,0.0803025681924407,0.0015811815620959,0.0018288074139017,0.0010975053714356,0.0036518752611553,0.0036378178079969,0.0022000588757187,0.0019927793635581,0.0013321681875241,0.0015026220576291,0.0044029960480258,0.0202344179725978,0.0020170855294205,0.0025342402319063,0.0010975053714356,0.0019767601106165,0.0017985302466099,0.0050369488914024,0.0020623375077234,0.0047291750893918,0.0010975053714356,0.0053555121180648,0.0412291586725968,0.0021395672612808,0.0333314708518793,0.0021613345825467,0.0145715737873113,,0.0054374033691147,0.0024466143471531,0.0023426279273681,0.0010975053714356,0.0013340616747542,0.0018564547257055,0.0090943083879495,0.0011027899787396,0.0013917814340289,0.0026202675868211,0.0145819826618595,0.0033233277604593,0.0325482206095356,0.0082398310855835,0.002139550647246,0.0017335860666957,0.0018877718478936,0.0049414115633957,0.0024142190836118,0.0032661765110173,0.001830481565902,0.011742978074446,0.0271702262580737,0.0228913696834679,0.003931536199237,0.0037372525036081,0.0065265020019384,0.009154002343247,0.0036425753601151,0.0055552135555874,0.0017909913553982,0.0041379886407001,,0.003105058549003,0.0016979100811455,0.0040665363130157,0.0401546579113003,,0.0019101893722041,0.0010975053714356,0.0105898722470106,0.0025348609123912,0.0017288201625591,0.0014645606800862,0.0028298595591395,0.0311449815082329,0.002290231302459,0.0129994326526803,0.0076621361058325,0.0018739552363948,0.0049771950801707,0.0016771382455781,0.0033625813923969,0.003380464828266,0.0019150431275221,0.0014802672055945,0.0025177287058887,0.0017347641500492,0.026249308078272,0.0156082562764404,0.0220328980364915,0.0329282904769763,0.0271779515222224,0.0018670335279443,,0.0019290614489972,0.0024624637359379,0.0021192785547008,0.0023213322972575,0.0165275767612694,0.0103114635443475,0.0012319961441993,0.0023733064845448,0.0024136843985852,0.0210908753090711
oli_dw3_r1,0.0024345664955304,0.0077059557985663,0.002055769723106,0.0029574479739888,0.0117118853175445,0.0020366302768978,0.0026896109071243,0.003527320851615,0.0054712701538958,0.0019061459655585,0.0023818393850962,0.0052142016582851,0.0027004118646195,0.0020510869132785,0.0041244355469773,0.0021262488182937,0.0022974372981402,0.0017951810763056,0.0022827880374882,0.0013528412693416,0.0359624737394861,0.0019779243998869,0.0013172901704808,0.0015270682819687,0.0033795825146126,0.0032023424979452,0.0024095878317392,0.0010975053714356,0.0013889628285392,0.0019544767555988,0.0046654494126945,0.0149236594621345,0.0017835378408823,0.002246005666179,0.0012869375873514,0.0023549798815645,0.0019675922201403,0.0031816387215559,0.0020439643172747,0.0055252637457201,0.0013383122204064,0.0050675304906752,0.0313246362885154,0.0022410237300971,0.0353938693842524,0.0022171287639354,0.0211672659925765,,0.0052732627385838,0.0024510143888061,0.0021455666623049,0.0010975053714356,0.0019603457643437,0.0014770385185626,0.0056968586544448,0.0023997497285373,0.0020822588735858,0.0024733503981807,0.0092295699952897,0.0022530032359159,0.0030484076117806,0.0091977081820794,0.0021863092636548,0.0024670812608509,0.002622946627883,0.0042444332776435,0.0033891142547827,0.0025063654068556,0.0012722035463759,0.0079282975487497,0.0254486049515986,0.0197153758968583,0.0032334851290434,0.0036413229663033,0.0057296179992619,0.0080326112330145,0.002835296602826,0.0047833852564602,0.0020200301558483,0.0040498217087708,,0.0037044141603706,0.0017522683473804,0.0038553005997126,0.032267055600905,,0.0018969021365864,0.002844143271174,0.0120625706422162,0.0031477935042023,0.0015534136343673,0.0013580985816092,0.0028433891484005,0.0133140726158778,0.0014510176669696,0.0104283900420806,0.0070830596903865,0.0020235318041254,0.0030748219161152,0.0016965060760805,0.0026223730445358,0.0036455458069312,0.0023864389760219,0.0015640249775462,0.0023840528901398,0.0017513436659414,0.0207925652006445,0.00900193271846,0.017238631393455,0.0244477926201615,0.0230858012971778,0.0027866757057045,,0.0016413437191193,0.0028792738375079,0.0020440312099922,0.0018789264383216,0.0127009611894986,0.0150506357760565,0.0014610941711401,0.0020757200249899,0.0026297365210956,0.0149765409445957
oli_dw3_r2,0.0028202527245474,0.0068014191664586,0.0022007394615974,0.0036562918391838,0.0137659529432829,0.0029560842208273,0.0035092475363472,0.0060608001137111,0.004896477942606,0.0022235475678159,0.0020384744129765,0.0046151907186038,0.0026553514073236,0.0015348757113646,0.0058673043800236,0.0025790065652462,0.0025268263133087,0.0020848808477596,0.002739045525154,0.0017692157504899,0.0140870035659027,0.0022199276400428,0.0022079052214407,0.0027931572964542,0.0040458300320169,0.0035730898576952,0.0030923619091826,0.001837553384564,0.0021543915898483,0.002546497691256,0.00553324681552,0.0212630072879504,0.0025502093225454,0.0030311105252211,0.0014954955859011,0.0030594607607751,0.0018201022770365,0.0036823339140469,0.0018234560779595,0.0069882898220332,0.0016366000135246,0.0051513351176322,0.0351489230073649,0.0022812749490086,0.0511070244022689,0.0022957948279822,0.0248709453394952,,0.0053120692169523,0.0024039819323793,0.0022697977170648,0.0036697938930073,0.0020234026036871,0.0022445403553375,0.0079587899021804,0.0028132935650783,0.0026847662970399,0.0029188322543354,0.0106253839323719,0.0026406375308642,0.002781056670501,0.0112871512884893,0.0025534643586743,0.0027913562189497,0.0023883967113776,0.0045207350611468,0.0039405057654698,0.002921195867094,0.0021028725493004,0.0088661083668283,0.0332643317441334,0.0221726889515182,0.0037856819694294,0.0038552886434775,0.0072305967938414,0.0110978623017314,0.0041650116246679,0.0066583010272191,0.0027201270384364,0.003282755393824,,0.0047217870849964,0.0026636136604751,0.0041621871953289,0.025810562055356,,0.0025512137276873,0.0032112598555758,0.0088561145061238,0.0039562638472776,0.0017692817210755,0.0019128406697731,0.0041541716920444,0.0095071560184141,0.0023264307080296,0.0138046885628668,0.008100440890603,0.0025311713346018,0.0036528038541447,0.0025388270471053,0.0029522899830295,0.0035419197696807,0.0030849825969322,0.0022525005728099,0.0034554625512025,0.0024487864072276,0.0082116116561004,0.0056884026581555,0.0087348507740387,0.0126682351829429,0.014797901434031,0.0037735979326121,,0.0029519062242194,0.0036419359132381,0.0022258265672246,0.0025632781649139,0.0161019029494983,0.006579368165796,0.0024451368738132,0.0027845966719567,0.0026320166441681,0.0125079284515634
kol_up1_r1,0.0013663676343735,0.0160919069593228,0.0010975053714356,0.0024694746837225,0.0165020848649646,0.0145262264844037,0.0038291444600229,0.0096129244151621,0.115115348488877,0.0010975053714356,0.0010975053714356,0.0289632878293944,0.0987109045133873,0.0022297393641023,0.0440866306336006,0.0369845255027823,0.0010975053714356,0.0017625439533328,0.0013996731831845,0.0024385430204275,1.15129254649702,0.0013795514462952,0.0024251196055653,0.0016296608115199,0.0028954131427599,0.0091167533152736,0.0010975053714356,0.0016095912719016,0.0010975053714356,0.0010975053714356,0.0033948538886522,0.0245826647555185,0.0010975053714356,0.0048110542576774,0.0014336162852758,0.0025471864798525,0.0027770780827553,0.0118500260925656,0.00279763651733,0.0040927832849359,0.0013920828843387,0.0085125115743821,0.775762968081998,0.0015729243598926,0.0098670330449595,0.005770654955593,0.0032313979018479,0.0214054926576648,0.0097279750033484,0.025949417770001,0.0010975053714356,0.0010975053714356,0.0031956287180098,0.0017306278486916,0.0027702333128803,0.0210366486045517,0.003613879275712,0.0012800768723781,0.009880781767791,0.0202612372320915,0.686798485068739,0.0014618843965814,0.0080307993826477,0.0067071770748605,0.0010975053714356,0.0109134476021407,0.0025266412341944,0.036016870669395,0.0020277287922817,0.0190446109818243,,0.0104182230009926,0.0028920337605733,0.0019007468255569,0.505383900600179,0.167301233722684,0.0247879531405869,0.0723834889320265,0.0022198502199113,,0.967674058369614,0.0010975053714356,0.0013220254714597,0.0017780035848228,0.524237611996728,0.0199274700029743,0.0019934897368229,0.0092275597309819,0.747636555743143,0.0017605871965702,0.0505445434034355,0.0010975053714356,0.0020956959551074,0.0839907973734266,0.0090283291485897,0.0088535420679179,0.0340200823538225,0.0128617962377192,0.0076776742637994,0.0076644383613719,0.182168518309115,0.0010975053714356,0.137565943523631,0.0010975053714356,0.0058817715399944,0.0034914669380755,0.0024751891048304,0.0044776196749832,0.0026807528170929,0.006512931748275,0.0098466894231904,0.0010975053714356,0.051851078255863,0.0011670382616595,0.0022481335393229,0.0010975053714356,0.0032299820273556,0.0129450726430123,0.0141615106694541,0.0083201437638629,0.004356452142683,0.0010975053714356,0.329957949275127
kol_up1_r2,0.0014641461862429,0.0303536887617459,0.0010975053714356,0.0028646332115558,0.0220481595996403,0.0218649523148889,0.0041142352410095,0.0039587259744506,0.1768439471749,0.0010975053714356,0.0010975053714356,0.0401635434928371,0.122210094420906,0.0024166386746031,0.0795441994474048,0.0890784388733512,0.0010975053714356,0.0018440498031024,0.0012857671364946,0.0022564089947119,1.15129254649702,0.0020226862624491,0.0039850768819287,0.0013340179875059,0.003058936093189,0.0138800988638941,0.0010975053714356,0.0039058701905932,0.0010975053714356,0.0010975053714356,0.003752878506994,0.0314717066813724,0.0010975053714356,0.0051411547685815,0.0017828689685681,0.0028060027097107,0.0018430444537832,0.0114935356790085,0.0035257095385888,0.0035516648646203,0.0018954786719358,0.0122483493154837,1.15129254649702,0.0020225001337142,0.0107973231387897,0.0101025915975808,0.0042322610074431,0.0770233839073581,0.0168485396750332,0.0326075816316281,0.0010975053714356,0.0010975053714356,0.0041336195725824,0.00207834862391,0.0031476098354002,0.0848981879769077,0.0041481315156287,0.0010975053714356,0.0110620057808432,0.0205874853163502,1.05117284211555,0.0018270051611856,0.0130665850918247,0.0100536150697258,0.0010975053714356,0.0124659561169241,0.002968483278547,0.059078991221985,0.0020371488679541,0.0228511324070796,,0.0138274028310003,0.004549593665929,0.0011785691099256,0.553714569230144,0.252438613939584,0.020837235830454,0.104967284472382,0.0018610205797026,,0.947782028011394,0.0010975053714356,0.0010975053714356,0.0019405437132238,0.73080651767816,0.0233815947255748,0.0023463317550961,0.0111742119346045,1.15129254649702,0.0014877708865528,0.113106123339694,0.0010975053714356,0.0017895408591633,0.133852456542905,0.0125958823051574,0.0120344996864742,0.0385169744789321,0.0320215985027714,0.0081703239294307,0.0157955713567946,0.196979785243804,,0.177950994446166,0.0010975053714356,0.0074533589291962,0.0040597509102362,0.0031593401879008,0.0054732656025783,0.0029361268886038,0.0078496535076326,0.0109259472483452,0.0010975053714356,0.0466984849607812,0.0010975053714356,0.0022627660640208,0.0010975053714356,0.0030551741332028,0.0175223298979262,0.0207267771258174,0.0129486576363958,0.0042612100611802,0.0010975053714356,0.346022500963988
kol_up2_r1,0.0010975053714356,0.0223761761573483,0.0010975053714356,0.0019326821005298,0.0120094495061241,0.0073220007797577,0.0038074597923012,0.0073476084023179,0.0895023872171681,0.0010975053714356,0.0010975053714356,0.0238409572137066,0.0916309354656268,0.0010975053714356,0.045554143305607,0.0273371851254526,0.001332435308841,0.0012654211465019,0.0012146403894297,0.0016057905421913,1.15129254649702,0.0014683748757121,0.002219182937196,0.0010975053714356,0.0028765021831077,0.0119847766708092,0.0010975053714356,0.0010975053714356,0.0010975053714356,0.0010975053714356,0.0023668727666915,0.0183211975557394,0.0010975053714356,0.0022725043165082,0.0012903491465476,0.0018349462989926,0.0014749359652743,0.0117584307937827,0.0023148504113336,0.0018988164717595,0.0014314251469586,0.0055438194087884,0.564501711120925,0.0010975053714356,0.0109561164341382,0.0059242900050543,0.0032032289653824,0.0163139504741375,0.0085502797410104,0.0292970481394504,0.0010975053714356,0.0010975053714356,0.002742983048518,0.0012391127219174,0.0036076739001931,0.0165609073540946,0.0027706145604477,0.0012855849431919,0.0119593536440006,0.0187760720007847,0.581731553740439,0.0015731613660324,0.0059484989523029,0.0049772171833313,0.0017265410933033,0.0107966606008338,0.0023874565373745,0.023781079729695,0.0012457591925336,0.0160744309782736,,0.0129033163115141,0.0022856970740875,0.0010975053714356,0.184805295300082,0.0994786300329763,0.0256080792760669,0.0406993377560826,0.0013099727222297,,0.46721265220536,0.0010975053714356,0.001099739163552,0.0016799156595797,0.354302609204125,0.0129504463677931,0.001367978073904,0.0067709338152684,0.492717873401459,0.0014008234708163,0.0420161763860608,0.0010975053714356,0.0012971934411903,0.0548946543387614,0.0070551929315789,0.0072267586402237,0.0317024693609816,0.0101417798650085,0.0083261689260045,0.0062665149468555,0.0926633025024364,,0.0853567360439368,0.0010975053714356,0.0054903729306435,0.0034011198324275,0.0026131638192814,0.0045808494923571,0.0027352760966705,0.0066462543796261,0.0115805312702234,0.0010975053714356,0.055451213048381,0.0010975053714356,0.0015869267914803,0.0010975053714356,0.0032681248765065,0.0118690299453879,0.0117196241232383,0.0115742881701324,0.0042211693653933,0.0010975053714356,0.110399059950172
air_up1_r2,0.0021407794870155,0.0113904028649991,0.0018342375465906,0.0019532287632176,0.0074090890827603,0.0101386013937769,0.0028654367372776,0.0096402130709805,0.0266291253036522,0.0019192342617911,0.0014782664103918,0.0126970186328745,0.0023855463457612,0.0016723284582247,0.0194954462892153,0.0072434485311125,0.0014236797226011,0.0030408664380858,0.0022996031874796,0.0014687158893773,0.0642278750764518,0.0015353507209176,0.0010975053714356,0.0023003641978394,0.0020358918498383,0.0056212127346034,0.0019007310184709,0.0014970285638251,0.001833828500641,0.0013550508018081,0.0036460950287883,0.0126393597906872,0.0020603670228513,0.0018421780195966,0.0027031738033633,0.0026126535449787,0.0017489840987342,0.0447593248708102,0.0016173989980495,0.0231862374988812,0.0020202954822525,0.0294973206196304,0.0613947339391296,0.0018417907720786,0.011653196743209,0.00409211396249,0.0061166819016555,0.0023163091940069,0.0049933181772512,0.003722831134926,0.0018522689350249,0.0010975053714356,0.0052474680549708,0.0022193855203912,0.005589976168122,0.0022853869504069,0.0029636030516576,0.0021602620285676,0.0216720677959274,0.0017033063292166,0.0065320839732701,0.0028103937726434,0.002278361203586,0.0062107513084474,0.0019327342439206,0.0076187822318431,0.0026781722924615,0.0525977542676043,0.0018033363651006,0.0185515583953467,,,0.0028133073676824,0.0024483730556993,0.0305637484978712,0.306223012250275,0.0180514257812315,0.04928456301221,0.004666011317777,0.0032028342183315,0.0412442531112003,0.0016425199546487,0.0025972945360106,0.0031983431434705,,0.006448530143559,0.0020768126420034,0.0077435797516395,0.0755908062389348,0.0013676854460677,0.0021002044038004,0.0017692347039479,0.0024336112491174,0.0461960112191451,,,0.012914548734119,0.0025994722823296,0.042921061080636,0.0019398155963891,0.0046750984511089,0.0021292905549294,0.0023282346999091,0.0016309128361121,0.0029035673335539,0.0023817771800342,0.0056695762925646,0.0071317623721811,0.0063208972256301,0.0106020556644211,0.0134767056452172,0.0016261048062374,0.96073685425205,0.0018622842138997,0.0021167064132891,0.0020370142505016,0.006246725858692,0.0166399581706262,0.0095516254316515,0.0016901829112273,0.0097897291747021,0.0019101920088149,0.0406403561975656
kol_up2_r2,0.0010975053714356,0.0228263595123989,0.0012041059144858,0.0023112940542973,0.0127411852072338,0.0085476751955355,0.0047217557378662,0.0084767084672696,0.0984732826277684,0.0010975053714356,0.0010975053714356,0.026681832668361,0.107505533425483,0.001182099798256,0.0416430641010421,0.0335672755501421,0.0012960353899716,0.002142706372854,0.0010975053714356,0.0021712079769144,1.15129254649702,0.0017468416188574,0.002083857296274,0.0017626220615158,0.0030516097988541,0.0133254722185033,0.0012441982540451,0.0021800569996793,0.0014976080396526,0.0012645260621571,0.0027490646784713,0.0189693360168332,0.0016730536985124,0.0035892314643178,0.0015599764489847,0.0025068893139931,0.0023299832626447,0.009327965099677,0.00326508071725,0.0031171420296212,0.0026850241257781,0.006371670732363,0.615512203890113,0.0022894431209279,0.0118080532921137,0.0063029057421953,0.0045062546686586,0.0221033125745108,0.009447143614569,0.0306552679323185,0.0016653829181175,0.0010975053714356,0.0030823900022098,0.0018545513174089,0.0032220403638402,0.0230683871733319,0.0034230282542879,0.0017946019079478,0.0105133979026282,0.0214442440563959,0.645577286731877,0.0024701923727679,0.0083364757356067,0.0065546206450527,0.0010975053714356,0.0111266595420788,0.0029071191618323,0.0253342448021673,0.0019497359257502,0.0169028229257554,,0.0105068923876952,0.0031274517084453,0.0011568655309042,0.310409657704704,0.118356456461148,0.0010975053714356,0.044365429082891,0.0018705815234831,,0.479653501027167,0.0014340272673318,0.0018239059768453,0.0022205177394285,0.749540328742389,0.0162041756210308,0.0021797823412961,0.007805992497447,0.570402897251149,0.0014538667861239,0.0539186221790486,0.0010975053714356,0.0025596685152248,0.0605561826677799,0.0077440463352713,0.0096353280358781,0.0445033086799053,0.0131492005548262,0.00799512683458,0.0097855546479303,0.111883501761765,0.0010975053714356,0.0936523503734361,0.0010975053714356,0.0063096251309258,0.0040224026656411,0.0033651335823217,0.0050391402714731,0.0031369689188267,0.0071236962158694,0.0123504578143394,0.0011634964562378,0.024521628073031,0.0015169380358883,0.0023134944842383,0.0013031849422396,0.0032106645198392,0.0128525348167586,0.0139131600027783,0.0158443765403933,0.0046503536812244,0.0012418173299084,0.114083384570134
kol_dw1_r1,0.0010975053714356,0.00566249477652,0.0010975053714356,0.0010975053714356,0.0069742477880821,0.0023428409929527,0.0010975053714356,0.0163038754880171,0.0155257469663383,0.0010975053714356,0.0010975053714356,0.0113164512994877,0.0010975053714356,0.0017540921695916,0.028077267563038,0.0029465690375704,0.0016293824900522,0.0010975053714356,0.0010975053714356,0.0010975053714356,0.0624885988426235,0.0010975053714356,0.0010975053714356,0.0010975053714356,0.0036538398311112,0.0051500831084847,0.0011744052328805,0.0010975053714356,0.0010975053714356,0.0010975053714356,0.0083477232155107,0.0489469669523084,0.0017118177543566,0.0010975053714356,0.0029443147087748,0.0013890946818403,0.0010975053714356,0.0878834708157663,0.0010975053714356,0.0044792712920346,0.0010975053714356,0.0063811849434556,0.0261117377189208,0.0010975053714356,0.0241369232090975,0.0011086591253129,0.0105069503954679,0.0010975053714356,0.0119055851623815,0.0020740877745679,0.0010975053714356,0.0010975053714356,0.0011546340190584,0.0010975053714356,0.0234117984116081,0.0010975053714356,0.0015830675419761,0.0018420023149202,0.041546258450381,0.0077971375784265,0.0173181325707223,0.0067900646616226,0.0010975053714356,0.0027378443820553,0.0010975053714356,0.0108902337736955,0.001334338817196,0.0129737003678767,0.0010975053714356,0.0220930547921836,,0.0311760035751302,0.0023237463445298,0.0012265021927076,0.0542368662034474,0.0160832673222142,0.0222075546148992,0.0225247848929628,0.0010975053714356,,0.14093783464505,0.0013189082973667,0.0011630598834202,0.0017983486330503,0.0731320006181303,0.0312804415748322,0.0010975053714356,0.0010975053714356,0.0208929249204107,0.0015446041649067,0.0010975053714356,0.0010975053714356,0.0125534931553111,0.0338960616173756,0.0059596822670992,0.0244132769773335,0.0099515932591492,0.0010975053714356,0.0474079449414568,0.0010975053714356,0.0010975053714356,0.0010975053714356,0.0012900924780836,0.0010975053714356,0.0022176647836431,0.0010975053714356,0.0348302438587009,0.0208698739201817,0.0248162478848359,0.0373267453764631,0.0300890668190625,0.0010975053714356,0.0010975053714356,0.0010975053714356,0.01131168236597,0.0010975053714356,0.0066272100620347,0.032303041892135,0.0063194329077405,0.0010975053714356,0.0092033987590051,0.0010975053714356,0.0556058598135085
kol_dw1_r2,0.0011436263594719,0.0078254073794234,0.0020726109554786,0.0019779935805992,0.0101760569795476,0.0025609275091054,0.0014855401291742,0.0062527894948954,0.0228402281320343,0.0010975053714356,0.0010975053714356,0.0206026343108298,0.0017742290934334,0.0027910358586401,0.0200395883379202,0.0055245830743605,0.0017830756916553,0.0011478870391907,0.0010975053714356,0.0010975053714356,0.0665255584903205,0.0010975053714356,0.0010975053714356,0.0011591662850283,0.0043960842005975,0.004293258661468,0.0010975053714356,0.0010975053714356,0.0010975053714356,0.0016332531765912,0.0104896328112345,0.0513966176963461,0.0028469313267983,0.0014101914326881,0.0031743396508523,0.0021189791560613,0.0011548318595956,0.0342585363627187,0.0011535148008426,0.0054825772962583,0.0010975053714356,0.0091994834953758,0.0300603775271679,0.0010975053714356,0.0278811144013783,0.0015736791083766,0.0116435916899567,0.0015573439200195,0.018517810790434,0.0032810362197236,0.0010975053714356,0.0010975053714356,0.0014604302811264,0.0010975053714356,0.0264959048356671,0.0012360512180112,0.0031287193538348,0.0028303111650775,0.0387864788206402,0.0234144790107182,0.0010975053714356,0.0080131961785952,0.0010975053714356,0.0035409801046602,0.0010975053714356,0.0096076296846124,0.002379401845281,0.00984347495886,0.0010975053714356,0.0197613650354822,,0.0346688049796942,0.0035221038455475,0.0019670741114882,0.149356087923144,0.0173892441915304,0.022047232557575,0.0258994688802871,0.0017857411550452,,0.156491117739926,0.0025558457452855,0.0010975053714356,0.0018228911709746,0.0851747458367154,0.0302645260122028,0.0011778132698224,0.0047974334425257,0.0323803193746424,0.001745941489317,0.0010975053714356,0.0010975053714356,0.0125876235451813,0.0387595989471748,0.0071306517090659,0.0245670475684248,0.0157507836319803,0.0011543986131632,0.0302074607022566,0.0010975053714356,0.0026211609014661,0.0012010266099869,0.0017921027596693,0.0015064036407216,0.0027879492966129,0.0010975053714356,0.0456236442669333,0.0262004156969189,0.0356467558540316,0.0377984400016575,0.0375669550678933,0.0010975053714356,0.095846054839051,0.0013356055579897,0.0124660651039297,0.0010975053714356,0.0062820346143444,0.0369477937416057,0.0081002840919498,0.0010975053714356,0.0062264298851052,0.0012842854691011,0.0561980803145483
kol_dw2_r1,0.0010975053714356,0.0116248955035289,0.0013776850117914,0.0010975053714356,0.0094895816666094,0.0029504562592814,0.001598253433959,0.0264719861115894,0.0595109129925044,0.0010975053714356,0.0010975053714356,0.0154019439469393,0.0077491338082907,0.0010975053714356,0.0211069459158196,0.005622423613399,0.0010975053714356,0.0010975053714356,0.0010975053714356,0.0010975053714356,0.105319171036294,0.0010975053714356,0.0010975053714356,0.0010975053714356,0.0029357574437886,0.0049659422851239,0.0010975053714356,0.0016367607960522,0.0019846251255584,0.0017632763376661,0.0067556101226417,0.0210960065165173,0.0010975053714356,0.0012417933480128,0.0014245592153354,0.0013088105097145,0.0010975053714356,0.0157184022002138,0.001155293926546,0.0093101607999354,0.0018798025872766,0.00444729849405,0.0494521035957472,0.0010975053714356,0.0232229365695097,0.0021315333562288,0.0076645449819255,0.001599128063059,0.0093352089144242,0.0092533678492588,0.0010975053714356,0.0010975053714356,0.0010975053714356,0.0010975053714356,0.0010975053714356,0.0012681001482679,0.0010975053714356,0.0015946497414982,0.0160415154647738,0.0176405120580805,0.0589951714849001,0.0049058015351124,0.0010975053714356,0.0057447042866536,0.0010975053714356,0.0088246177590916,0.0015145947833517,0.0241919916131514,0.0010975053714356,0.0164670581026732,,0.0193427047987993,0.0010975053714356,0.0010975053714356,0.0979646748897272,0.037361065881642,0.0251418864615125,0.0375346902421455,,,0.16806561069192,0.0010975053714356,0.0010975053714356,0.0016198959644736,0.120500869081403,0.007436847172414,0.001548962157417,0.0080021593029247,0.0821159128043774,0.0018030721191207,0.0012306542806168,0.0010975053714356,0.0018143127436616,0.0569974457989645,0.0066652922154447,0.0097631695682721,0.0176429586097028,0.0010975053714356,0.01450382882372,0.0010975053714356,0.0116117018841266,0.0015146673160908,0.0046748780035987,0.0010975053714356,0.0040083907838184,0.0014557797832272,0.0181505597532494,0.0115606211042791,0.0120241803176451,0.0206080273368258,0.0279531470431213,0.0010975053714356,0.0195326174786221,,0.0016919724165456,0.0010975053714356,0.0031728933221421,0.0121948412084385,0.0083619744426662,0.0010975053714356,0.0046819935750004,0.0010975053714356,0.0709991676439182
kol_dw2_r2,0.0010975053714356,0.0197154510819653,0.0020960070479581,0.0010975053714356,0.0140046501054267,0.0111937861123842,0.0030331284341166,0.0763253869177725,0.0986246436227308,0.0010975053714356,0.0010975053714356,0.0241362757025836,0.0577097677220301,0.0010975053714356,0.0878208757419264,0.0114069518820502,0.0010975053714356,0.0010975053714356,0.0010975053714356,0.0010975053714356,0.954366769324566,0.0010975053714356,0.0010975053714356,0.0014916413929524,0.0018541643530719,0.0092392260195587,0.0010975053714356,0.0107551005779386,0.0010975053714356,0.0032314830595487,0.0047092472007862,0.0240485026358535,0.0010975053714356,0.0018874446846017,0.0010975053714356,0.0014913428217681,0.0011678217405503,0.0261990321066649,0.0017189143563496,0.0115319813606429,0.0010975053714356,0.013219816179145,0.288279821254919,0.0010975053714356,0.0165277540830066,0.0028045699421137,0.0044109187644944,0.0021868027269473,0.0061612828484988,0.0295693449655337,0.0010975053714356,0.0010975053714356,0.0010975053714356,0.0010975053714356,0.0061497070614169,0.0019200678488513,0.0018909475392199,0.0010975053714356,0.0201830579471144,0.037725284132641,0.259735325107411,0.0019711204031206,0.0010975053714356,0.006114016836995,0.0010975053714356,0.0137270691184874,0.001749474681716,0.0324639960618914,0.0010975053714356,0.0189753543985158,,0.020709045649619,0.0013783924730616,0.0010975053714356,0.0989806017197857,0.0472681513285924,0.0327354886119506,0.0514838275889717,0.0010975053714356,,0.171470988594282,0.0010975053714356,0.0010975053714356,0.0010975053714356,0.272783074541968,0.016976017242699,0.0017056895588839,0.0150990023390766,0.206663175222593,0.0014170596107986,0.0056820913336787,0.0010975053714356,0.0017881438031614,0.071331396346363,0.007340390424465,0.0085475078931948,0.0280318506204887,0.0030543778820527,0.0215171042487379,0.0010975053714356,0.0549263593380628,0.0144954509048602,0.0170960653549264,0.0010975053714356,0.0052596268115136,0.0021354960050006,0.0056985009730501,0.007140749541393,0.0051221687179021,0.0133090649615413,0.0804987660785431,0.0010975053714356,0.0078574073877704,0.0010975053714356,0.0015709866015964,0.0010975053714356,0.0054569770417539,0.0152431040113405,0.0138580296699698,0.0122819337420739,0.0073250330321213,0.0010975053714356,0.0657619822854352
kol_dw3_r1,0.0010975053714356,0.0167976384892017,0.0026697647400692,0.0011854691065383,0.0314665170372538,0.0082703027997764,0.0017081626698388,0.0507092953685449,0.0673092639306088,0.0010975053714356,0.0010975053714356,0.0345775211932039,0.0072010057819689,0.0010975053714356,0.0550068412889363,0.0082832931790191,0.0010975053714356,0.0010975053714356,0.0010975053714356,0.0010975053714356,0.128870508391355,0.0010975053714356,0.0010975053714356,0.0010975053714356,0.0032346334529087,0.0059756801487784,0.0010975053714356,0.0010975053714356,0.0010975053714356,0.0012728143535872,0.0069183019190242,0.0460593663305698,0.0010975053714356,0.0010975053714356,0.0052704340995612,0.0038883693980732,0.0012479288949717,0.0899289022331607,0.0011706030998145,0.0112380524157148,0.0012204044091167,0.0137346190336668,0.0372736279235584,0.0010975053714356,0.0169462241317453,0.0038791002939726,0.0092149961799136,0.0010975053714356,0.0081120237142285,0.0083931482419078,0.0010975053714356,0.0010975053714356,0.0017556456574694,0.0010975053714356,0.0170781376219114,0.0010975053714356,0.002676299272417,0.0013186855157188,0.0303727815771194,0.019067126167146,0.0312692338878218,0.0032665360301517,0.0010975053714356,0.0055186327970803,0.0010975053714356,0.0126392539218123,0.0052296680935892,0.0465661493095752,0.0010975053714356,0.0230471036054726,,0.0261042599826427,0.0018873079362829,0.0014579769045991,0.0554920901925657,0.0393348927224524,0.0299233269494564,0.0502382720558299,0.0022431505633156,,0.0914937974845619,0.0010975053714356,0.0012190983387808,0.0012864623489634,0.0370229314800347,0.0258872341073165,0.0022106823220991,0.0210609304735612,0.0999844371453713,0.0010975053714356,0.0014584010401558,0.0010975053714356,0.0056952656134542,0.0707942740810523,0.0089889319666871,0.022447608890626,0.0142670714930958,0.0021079731616005,0.0536482905879532,0.0010975053714356,0.0110361019300161,0.0010975053714356,0.0037844040539876,0.0010975053714356,0.0044665283972262,0.0015036527439603,0.0251874749989185,0.0133171411810472,0.0131583179699789,0.0289578369542445,0.081127848057675,0.0010975053714356,0.0089770439315126,0.0010975053714356,0.0043065102609006,0.0010975053714356,0.0076942679446065,0.0271010261464181,0.0098567204305998,0.0010975053714356,0.0109221715518939,0.0010975053714356,0.0513459876148498
kol_dw3_r2,0.0010975053714356,0.0185920788486849,0.0027039250760201,0.0010975053714356,0.0434681900567228,0.008433583937774,0.0015793315516219,0.0644484267653095,0.0867162276672064,0.0010975053714356,0.0010975053714356,0.0331211770101498,0.0067290629128433,0.0010975053714356,0.0700155310856253,0.0078949107939769,0.0010975053714356,0.0010975053714356,0.0010975053714356,0.0010975053714356,0.1680754136282,0.0010975053714356,0.0010975053714356,0.0010975053714356,0.003562882887521,0.006540021778318,0.0010975053714356,0.0010975053714356,0.0010975053714356,0.0010975053714356,0.0079583092463706,0.0470623537181043,0.0010975053714356,0.0010975053714356,0.0051077254039611,0.0047346630961227,0.0010975053714356,0.0478908404603587,0.0010975053714356,0.0096319852212088,0.0010975053714356,0.014298598319102,0.0439839295465137,0.0010975053714356,0.0207971396879912,0.0036783960269869,0.0100793893698082,0.0010975053714356,0.0084698681982411,0.0074724894905548,0.0010975053714356,0.0010975053714356,0.0013593322168286,0.0010975053714356,0.0190038151377303,0.0010975053714356,0.0026394254941186,0.0011697885506418,0.0326385690314846,0.022395385699683,0.0329880012347737,0.0047126182342549,0.0010975053714356,0.0038777682790317,0.0010975053714356,0.0151243323475244,0.0062104383324538,0.0471285778667792,0.0010975053714356,0.0243106831419651,,0.0257181296338329,0.0015707510581414,0.0010975053714356,0.0713761603324596,0.0358590398657856,0.0337830339347285,0.0492770553562864,0.001610824345068,,0.131302969640061,0.0010975053714356,0.0010975053714356,0.0010975053714356,0.0555807832131068,0.0280394279185667,0.0022503586252108,0.0266507752170242,0.0862183586336496,0.0011509237501611,0.0014895741730201,0.0010975053714356,0.0058200531734179,0.0763951029223669,0.0114836876986169,0.0246087750638558,0.0185633623948663,0.0016830529684424,0.0574518996034472,0.0010975053714356,0.0096698569836053,0.0010975053714356,0.0018273128167246,0.0010975053714356,0.004468313929918,0.0011792167191699,0.0272318105309468,0.0145269697600107,0.0141286812343242,0.0330938214053059,0.0681655628405168,0.0010975053714356,0.0127434846495256,0.0010975053714356,0.0043088068872654,0.0010975053714356,0.0090551598063179,0.0284007013028423,0.0100452027115664,0.0010975053714356,0.0127241227725213,0.0010975053714356,0.0646930176923702
air_up2_r1,0.0033489694202716,0.0092893632474435,0.0030889993795914,0.0055898626624742,0.0056719268722448,0.0049755033425248,0.0035952354296561,0.0080376312353886,0.0098988065198537,0.0028650233183827,0.0031813837589699,0.0043049474945435,0.0039545145239217,0.0018039872395894,0.0027438692567553,0.0077264297707495,0.0050818940974489,0.0032313134072766,0.0037232775916553,0.0026921730016882,0.047591086467867,0.003654942471586,0.0019477594235963,0.0020729378774086,0.0050068575490782,0.00461690055285,0.0051459488737937,0.0031268176248178,0.0032997293740361,0.003248512687316,0.006259251756594,0.0146183674452215,0.0040031040760978,0.0029274962626275,0.0036615018552482,0.003516573957512,0.0033730795156037,0.0273741076953385,0.0034642440380553,0.0133613291383775,0.0029493118068447,0.004864666604331,0.0206829549413275,0.0035083477696415,0.0212208649792772,0.0010975053714356,0.0145748778248355,0.0062932974229925,0.0060023790378055,0.0043190119620476,0.0032820621015897,0.0021630341495642,0.0064730696194468,0.0030008961014913,0.0060205977807118,0.0019708340329796,0.0046078522498988,0.0038615630789625,0.0114487000452171,0.0025461786483171,0.0042994655913982,0.0066777025919012,0.0032619674872801,0.0054639182249182,0.003471129497059,0.0054828189234016,0.0028422918720837,0.0207113579892216,0.0032751931572972,0.0136484084769236,,,0.0040508367081976,0.0044532619476516,0.0131228922312816,0.0206401757017309,0.0079827412194189,0.0124548583527051,0.0037815755568883,0.0037918534044917,0.0175548230957208,0.0035541740695317,0.0057430074837091,0.0047417787702486,,0.0064804922448391,0.0032442748791725,0.0044477261886273,0.0323433831403597,0.0036422395596177,0.0030493286837699,0.0026344289451312,0.0039930070722283,0.0390159099173295,,,0.0091749702768916,0.0054340282670258,0.015918284623375,0.0035518393537343,0.0033585509014016,0.004449825790135,0.0063068036585838,0.0043126411746853,0.0042881021634336,0.0028446286597167,0.0097724048061382,0.0076975492137655,0.0088032502323698,0.0116424921788904,0.0144254813808726,0.0033703137019835,0.445005190157501,0.0031851130746561,0.0042627950479466,0.0039064443265318,0.0053465703430704,0.0101127521401499,0.0099823240882823,0.0032640576127509,0.0067806928139462,0.0036429766416564,0.031217609586845
bir_up1_r1,0.0010975053714356,0.011274553911177,0.0010975053714356,0.0012903174954494,0.0152557958870869,0.005245461386632,0.0010975053714356,0.0165567186796663,0.06059216373163,0.0010975053714356,0.0010975053714356,0.0242129834110749,0.0022563081304614,0.0010975053714356,0.0112957571300019,0.0040836515478527,0.0010975053714356,0.0010975053714356,0.0010975053714356,0.0010975053714356,0.0825766240749481,0.0010975053714356,0.0010975053714356,0.0010975053714356,0.0017755531255371,0.0038713310761887,0.0010975053714356,0.0010975053714356,0.0010975053714356,0.0010975053714356,0.0059012245318773,0.0175868569731843,0.0010975053714356,0.0016112149719479,0.0015279793093051,0.0017408725779816,0.0010975053714356,0.0390184111107636,0.0010975053714356,0.0099518861795419,0.0010975053714356,0.0073448855492003,0.0570482382125038,0.0016384824106985,0.0344929309244645,0.0010975053714356,0.0082906793273227,0.0021250335142671,0.0057002628970522,0.0054355505459492,0.0010975053714356,0.0010975053714356,0.0010975053714356,0.0010975053714356,0.0056799255579973,0.0010975053714356,0.0029490926104292,0.0010975053714356,0.0165815312442487,0.0010975053714356,0.0342516716559495,0.0043784457432411,0.0011341175983673,0.0029354980190846,0.0010975053714356,0.0127768280275073,0.0017795101984173,0.0343359745720165,0.0010975053714356,0.0164857150658131,0.037152874978791,0.0149517847582362,0.0010975053714356,0.0010975053714356,0.0751490843931331,0.0415265359598886,0.032716621450622,0.0339249490189314,0.0010975053714356,0.0010975053714356,0.122015166881119,0.0012003777946397,0.0010975053714356,0.0010975053714356,0.0355114473083571,0.007271955844543,0.0010975053714356,0.0049227455256909,0.0719649169216034,0.001146361667896,0.0010975053714356,0.0010975053714356,0.0019585890413748,0.0636612480252761,0.0035681299831442,0.0116539367422233,0.0123891083643705,0.0010975053714356,0.0333223396308468,0.0010975053714356,0.0116164397576655,0.0010975053714356,0.0028453639665522,0.0010975053714356,0.0036422271180845,0.0021047299654177,0.0041054461137076,0.0032200729410037,0.0035707173450659,0.0059091279823937,0.0127247854776954,0.0010975053714356,1.15129254649702,0.0010975053714356,0.0010975053714356,0.0010975053714356,0.0040922399851988,0.0138269416792593,0.0059644665389563,0.0010975053714356,0.007509832172477,0.0010975053714356,0.0501727143561043
bir_up1_r2,0.0010975053714356,0.0149395764162352,0.0010975053714356,0.0021083474811257,0.0249875341410793,0.007807789324773,0.0016224951891005,0.023183948654017,0.0749543287189313,0.0010975053714356,0.0010975053714356,0.030754281114347,0.0047992076218143,0.0010975053714356,0.0149086052266763,0.0065705638237824,0.0010975053714356,0.0010975053714356,0.0011712868899569,0.0010975053714356,0.0991768111786338,0.0010975053714356,0.0010975053714356,0.0010975053714356,0.0035673400652086,0.0053128261220938,0.0010975053714356,0.0010975053714356,0.0010975053714356,0.0010975053714356,0.0087112669480703,0.0220853679546668,0.0010975053714356,0.0023196340898083,0.001973107935339,0.0036151452159296,0.0010975053714356,0.0414904347784174,0.0010975053714356,0.0127470275278266,0.0010975053714356,0.0097979594200036,0.0704996734159378,0.001854855497989,0.0426366279724578,0.0013327388608504,0.0116259301758532,0.0028385490604911,0.009030755924584,0.006718724650931,0.0010975053714356,0.0010975053714356,0.0013626857156689,0.0010975053714356,0.0080132540911674,0.0010975053714356,0.0033239862305355,0.0010975053714356,0.0222244941990131,0.0015791747824413,0.0376855187402272,0.0067110658995709,0.001665707642987,0.0052130983523333,0.0010975053714356,0.0159077439507282,0.003544767522382,0.0490545349486721,0.0010975053714356,0.0200896908473734,0.056601478327199,0.0137468007381921,0.0018626975115744,0.0017036909444952,0.109595613210318,0.04951348729954,0.0403995731937754,0.0453837157764162,0.0023332120024507,0.0010975053714356,0.116034435661868,0.0028299474611526,0.0014981430703197,0.0015675171930686,0.0446091800742921,0.0106552903204223,0.0020511446183318,0.0081580966515739,0.0884686981719894,0.0026143218347591,0.0013615862601995,0.0010975053714356,0.0023389400586164,0.0753227489304329,0.005706543556729,0.0160076410309534,0.0166386401012925,0.0031898376722849,0.046145813935501,0.0010975053714356,0.021461078678772,0.0011079159795441,0.0049457251202714,0.0010975053714356,0.0065172387282283,0.0034091118972508,0.0072889429348394,0.0056608537137332,0.0050381853795163,0.0077934517833099,0.018823762085734,0.0010975053714356,1.15129254649702,0.0010975053714356,0.0020582229359217,0.0010975053714356,0.0035864029913612,0.0177770242521929,0.0079918786032896,0.0010975053714356,0.0103478314725812,0.0010975053714356,0.0663092129491788
bir_up2_r1,0.0010975053714356,0.0143947325713895,0.0010975053714356,0.002018635003759,0.0156234474090971,0.007704338284658,0.0018591160764598,0.0146246822750824,0.0612526656885459,0.0010975053714356,0.0010975053714356,0.0236268896752263,0.0026438279138082,0.0010975053714356,0.0049593231003318,0.0058445728958851,0.0010975053714356,0.0010975053714356,0.0010975053714356,0.0010975053714356,0.0665980849469081,0.0010975053714356,0.0010975053714356,0.0010975053714356,0.0035338871668655,0.0054676402697399,0.0012223252556987,0.0010975053714356,0.0010975053714356,0.0010975053714356,0.0093865709590284,0.0274460649732564,0.0010975053714356,0.0015561045674809,0.0027998975780787,0.0028395577885306,0.0010975053714356,0.0326976797150405,0.0010975053714356,0.0085045185272669,0.0010975053714356,0.0054815210386658,0.0530906995528998,0.0010975053714356,0.0391405011617012,0.0010975053714356,0.0139499326941476,0.0044079529995807,0.0123732590668131,0.0089372287321953,0.0010975053714356,0.0010975053714356,0.0012394327402142,0.0018141150398661,0.0103043692553983,0.0010975053714356,0.0015333439905179,0.0014610758626716,0.0214085841056181,0.0010975053714356,0.0126680359074872,0.0072634417057547,0.0013915746373107,0.0041564487045003,0.0010975053714356,0.0135953035046807,0.0022260930376416,0.0401674447422152,0.0010975053714356,0.0217013688268632,0.0389070162622513,0.0194377452961785,0.0017285667448403,0.0012150116069562,0.112746620158302,0.0283542633530699,0.0335198222421175,0.0391122274639481,0.0022484846356101,0.0010975053714356,0.311628091129691,0.0020219633080472,0.002270393325346,0.0015223510414192,0.0400461896912986,0.0126266792716326,0.0010975053714356,0.0068557787936958,0.070662663649184,0.0019210344590855,0.0016385925008452,0.0010975053714356,0.0028025375576861,0.0731137916635333,0.0055223377756123,0.0218048178449198,0.0173458614461858,0.0023597373286887,0.0301312028703399,0.0010975053714356,0.0087235363711369,0.0010975053714356,0.0032638503628931,0.0010975053714356,0.006922013309021,0.0022866266524554,0.0105214718157715,0.0084492501942829,0.0079612381496798,0.0124774287656992,0.0229231698969319,0.0010975053714356,1.15129254649702,0.0010975053714356,0.0025273710328763,0.0010975053714356,0.0053056237395975,0.0218051301870911,0.0093492740210445,0.0010975053714356,0.0079472841400029,0.0010975053714356,0.0653105648085136
bir_up2_r2,0.0010975053714356,0.0073360338000991,0.0010975053714356,0.0015800330297967,0.0135385397053222,0.0055479412369217,0.0010975053714356,0.0145311209908638,0.0131742080219383,0.0010975053714356,0.0010975053714356,0.0137999787514051,0.0010975053714356,0.0010975053714356,0.0010975053714356,0.0015419827016335,,0.0010975053714356,0.0010975053714356,0.0010975053714356,0.0193521839386237,0.0010975053714356,0.0010975053714356,0.001457736343447,0.0026648887339618,0.0025769931780448,0.0010975053714356,0.0010975053714356,0.0010975053714356,0.0010975053714356,0.0074193718793524,0.0206730526690975,0.0010975053714356,0.0010975053714356,0.0010975053714356,0.0019683892104563,0.0010975053714356,0.0365167083580952,0.0010975053714356,0.0142039784509211,0.0010975053714356,0.0050458320839061,0.0330908405733995,0.0010975053714356,0.0760868257393653,0.0010975053714356,0.0267657078896864,0.0048547948294004,0.0081955634966231,0.0010975053714356,0.0010975053714356,0.0024715777869448,0.0010975053714356,0.0010975053714356,0.0094291510986515,0.0010975053714356,0.0010975053714356,0.0010975053714356,0.0227617420460781,0.0010975053714356,0.0010975053714356,0.0125286868749072,0.0010975053714356,0.0053317568470477,0.0010975053714356,0.008283244099416,0.0013058431482876,0.0187942593280387,0.0010975053714356,0.0197055953166886,0.0627565100193185,0.0175553600181331,0.0010975053714356,0.0010975053714356,0.0652156082002594,0.0373717899089523,0.0204077470407499,0.0298404945629469,0.0010975053714356,0.0010975053714356,0.545467186769945,0.0033136823155322,0.0010975053714356,0.0010975053714356,0.0124553451120858,0.0080588746998717,0.0010975053714356,0.0022030984946435,0.0124885752415773,0.003206196993107,0.0010975053714356,0.0010975053714356,0.0010975053714356,0.0503355106722911,0.0033546954545858,0.0192225598734112,0.0136941169963294,0.0010975053714356,0.0469423382948824,0.0010975053714356,0.001414322673504,0.0010975053714356,0.0012032788374213,0.0010975053714356,0.0029979767760181,0.0010975053714356,0.0086838258406679,0.0057630442201376,0.0060390908974961,0.0104219726225015,0.025003404585375,0.0010975053714356,0.909707609778237,0.0010975053714356,0.0014187965129721,0.0010975053714356,0.0055546973769952,0.0220645044506573,0.0082281028553679,0.0010975053714356,0.0081189440743273,0.0010975053714356,0.0382225551457983
bir_dw1_r1,0.0010975053714356,0.0063982644778122,0.0010975053714356,0.0010975053714356,0.0135928320537339,0.0029172330735676,0.0010975053714356,0.0019419722951959,0.009780020780125,0.0010975053714356,0.0010975053714356,0.00674035458576,0.0010975053714356,0.0010975053714356,0.0244814389215533,0.0016941674786558,0.0010975053714356,0.0010975053714356,0.0010975053714356,0.0010975053714356,0.0499647246121919,0.0010975053714356,0.0010975053714356,0.0010975053714356,0.0047707704392062,0.0012485774242824,0.0010975053714356,0.0018361354853318,0.0010975053714356,0.0010975053714356,0.009035817971569,0.0331540597521916,0.0010975053714356,0.0010975053714356,0.0010975053714356,0.0010975053714356,0.0010975053714356,0.004114771284035,0.0010975053714356,0.004103787942141,0.0010975053714356,0.004207859349682,0.0010975053714356,0.0010975053714356,0.0220889168302086,0.0010975053714356,0.0111765174981691,0.0034197893327259,0.0253116617337638,0.0010975053714356,0.0010975053714356,0.0025198585722515,0.0010975053714356,0.0010975053714356,0.0097713648878356,0.0010975053714356,0.0010975053714356,0.0011179498617305,0.0148054405645653,0.017589779697277,0.0194637115377557,0.0063862633846781,0.0010975053714356,0.0010975053714356,0.0010975053714356,0.0046790744904719,,0.0026379160575221,0.0010975053714356,0.0083001312146846,0.0234058146274169,0.0249527207289061,0.0013194614020015,0.0010975053714356,0.192838164988351,0.0285533226057106,0.0408500993268512,0.0408350322755367,0.0010975053714356,0.0010975053714356,0.656967430294938,0.0014231498006416,0.0014432260036153,0.001519893759353,0.0367124716142397,0.0200760694982168,0.0010975053714356,0.0010975053714356,0.0144536837904201,0.0010975053714356,0.0010975053714356,0.0010975053714356,0.0021791836963454,0.0141262283373888,0.0030256813943271,0.0180133633658716,0.0072238011593049,0.0010975053714356,0.0035708544311976,0.0010975053714356,0.0010975053714356,0.0010975053714356,0.0010975053714356,0.0010975053714356,0.0015998413658869,0.0010975053714356,0.0188927557964726,0.0127493884602797,0.0180912886421797,0.0253239474976831,0.0265312573046487,0.0010975053714356,0.0010975053714356,0.0010975053714356,0.0026174661253596,0.0010975053714356,0.0010975053714356,0.0181954763228306,0.0059323337846137,0.0010975053714356,0.0010975053714356,0.0010975053714356,0.0306244541376666
bir_dw1_r2,0.0010975053714356,0.0066619940395148,0.002601577461162,0.0010975053714356,0.0089324214058018,0.0058734237919746,0.0010975053714356,0.0034568687613836,0.0323163510284671,0.0010975053714356,0.0010975053714356,0.0182140304357654,0.0010975053714356,0.0010975053714356,0.055489208433329,0.0038291213771877,0.0010975053714356,0.0010975053714356,0.0010975053714356,0.0010975053714356,0.0690120756100801,0.0010975053714356,0.0010975053714356,0.0010975053714356,0.0056363463393402,0.0022785809487243,0.0011581280084632,0.0218467817464384,0.0010975053714356,0.0010975053714356,0.0083291283740618,0.0490485591605676,0.0023701672057408,0.0016042933531537,0.0012271338389133,0.0013494278138467,0.0010975053714356,0.0159790529850072,0.0010975053714356,0.0045068418355486,0.0010975053714356,0.0084320517035813,0.0375136065398131,0.0010975053714356,0.0184183484573941,0.0010975053714356,0.0100504739949882,0.0034171018165842,0.0254275962941507,0.0025949847459005,0.0010975053714356,0.0010975053714356,0.0010975053714356,0.0010975053714356,0.0251977531792016,0.0012213717867946,0.0019108810950212,0.0019678300335461,0.0307282988942743,0.0293490088156533,0.0084353319046609,0.0048069131042788,0.0010975053714356,0.0038482912426964,0.0010975053714356,0.0073411915914091,0.0010975053714356,0.0085092725337498,0.0010975053714356,0.0229717466069516,0.0238679289694305,0.0369000450603604,0.0028801012136257,0.0010975053714356,0.190426682193899,0.0327661396010598,0.0488416380065299,0.0556047172081338,0.001264890621882,0.0010975053714356,1.15129254649702,0.0011279727457908,0.0010975053714356,0.0015403629604692,0.0770301636831444,0.0334987905691214,0.0010975053714356,0.0026539845294067,0.0287653292044385,0.0010975053714356,0.0010975053714356,0.0010975053714356,0.0141645601867662,0.037937956439164,0.0057601225527706,0.0284083202646207,0.0113624972868935,0.0010975053714356,0.0140665023846348,0.0010975053714356,0.0029487568968353,0.0032990077395573,0.003018578538893,0.0016720313222308,0.0026641393879353,0.0010975053714356,0.0249925769304574,0.0153748953159297,0.0196495595091956,0.0305829112089906,0.0291651337640857,0.0010975053714356,0.0754236183257532,0.0010975053714356,0.0142236108142887,0.0010975053714356,0.0050356378357132,0.0337991978721357,0.0074490404684665,0.0010975053714356,0.0040481853727157,0.0010975053714356,0.0615054415754274
bir_dw2_r1,0.0010975053714356,0.0080755633306061,0.0010975053714356,0.0010975053714356,0.0085701211846374,0.0039303314297862,0.0010975053714356,0.0010975053714356,0.01169743256076,0.0010975053714356,0.0010975053714356,0.0119521779324979,0.0010975053714356,0.0010975053714356,0.0410841496919397,0.0033490797328937,0.0010975053714356,0.0010975053714356,0.0010975053714356,0.0010975053714356,0.0581839697247572,0.0010975053714356,0.0010975053714356,0.0010975053714356,0.0045424064873203,0.0015925017079427,0.0010975053714356,0.0010975053714356,0.0010975053714356,0.0010975053714356,0.0104580181933783,0.0470157913888354,0.0017794289904437,0.0010975053714356,0.0010975053714356,0.0015737301902195,0.0010975053714356,0.0037650287776765,0.0010975053714356,0.0071032496924351,0.0010975053714356,0.0083487619356994,0.0080906174461226,0.0010975053714356,0.0434988926979376,0.0010975053714356,0.017808503738506,0.0045446300183914,0.0292679765848768,0.0016461547558536,0.0010975053714356,0.0022013987071416,0.0010975053714356,0.0010975053714356,0.0214833283796103,0.0010975053714356,0.0015362183077173,0.0020619944143149,0.0244639268327213,0.007271562891102,0.0064278277382591,0.0124455309904373,0.0010975053714356,0.0032260403966249,0.0010975053714356,0.005672631334047,0.0010975053714356,0.0023286512038788,0.0010975053714356,0.0149600054774321,0.0351888530347496,0.0337966978854489,0.003110280026523,0.001158521349729,0.164926419238527,0.0264646412960361,0.0306668858934554,0.0351256352548471,0.0015104089152667,0.0011934159949755,0.946191858484621,0.0024886816633305,0.0010975053714356,0.0026884168565636,0.0600042996185723,0.0276335192923021,0.0010975053714356,0.0019999114331846,0.0262558911674341,0.0015442957796365,0.0010975053714356,0.0010975053714356,0.0109133317894897,0.0263691160841165,0.0029395830222012,0.0313439337659511,0.0097490602713152,0.0010975053714356,0.0030798899662435,0.0010975053714356,0.0010975053714356,0.0010975053714356,0.0016766623803542,0.0010975053714356,0.0016828526653612,0.0010975053714356,0.0338196519894208,0.0219995734801943,0.0321864526396297,0.036176827468936,0.0556595697410893,0.0010975053714356,0.0153424076114596,0.0010975053714356,0.0108911782913636,0.0010975053714356,0.0033738737458261,0.0350139212929728,0.0073888487109962,0.0010975053714356,0.0010975053714356,0.0010975053714356,0.0481228070252064
bir_dw2_r2,0.0010975053714356,0.0082059079467116,0.0010975053714356,0.0010975053714356,0.0145168340827915,0.0042860999720669,0.0010975053714356,0.0010975053714356,0.012261246487631,0.0010975053714356,0.0010975053714356,0.0171573182489278,0.0010975053714356,0.0010975053714356,0.0317907550666597,0.0062572457630491,0.0010975053714356,0.0010975053714356,0.0010975053714356,0.0010975053714356,0.0336321956044802,0.0010975053714356,0.0010975053714356,0.0012075039922347,0.0052036661862151,0.0016732079651782,0.0016679412606753,0.0010975053714356,0.0010975053714356,0.0010975053714356,0.0110545746856805,0.0336024533815214,0.0010975053714356,0.0010975053714356,0.0015648638612939,0.0026876365641143,0.0010975053714356,0.0042707001037457,0.0017565875037463,0.008903553253041,0.0010975053714356,0.0087184012918516,0.011365392209415,0.0010975053714356,0.0458672306628313,0.0025893049209014,0.0219758385319388,0.0047524426547312,0.0311641744856911,0.0026622341468485,0.0010975053714356,0.0037919797014007,0.0010975053714356,0.0010975053714356,0.0139944510661906,0.0010975053714356,0.0036516740625497,0.0023690491618977,0.0176111467392709,0.0099201848302893,0.0271414186939324,0.0138219612293555,0.0010975053714356,0.0035295120616711,0.001587867798583,0.0054583492704176,0.0028515252201157,0.0029018266664668,0.0010975053714356,0.0125032447373199,0.0296613381163111,0.030619616026247,0.0022184502985549,0.0019399936279995,0.372172086425008,0.0261166333773883,0.0283920489395844,0.0346402973470296,0.0016768685310569,0.0010975053714356,0.656192428000928,0.0029195532000004,0.0014215482356651,0.0026710044451718,0.0493150246008451,0.0165394660425497,0.0010975053714356,0.0015166751238359,0.0263652764711906,0.0025214244707318,0.0010975053714356,0.0010975053714356,0.0054706481194316,0.0359179921922759,0.0016809853589695,0.0295713854602111,0.0099743702019546,0.0010975053714356,0.0032279799315423,0.0010975053714356,0.0014313007167029,0.0017475770771458,0.0023311466316959,0.0010975053714356,0.002159498814357,0.001509866142488,0.0376590643060958,0.0281414494688995,0.0330412869076598,0.0399951508012277,0.0528778683549209,0.0010975053714356,0.0122440857768898,0.0010975053714356,0.0063247881847194,0.0010975053714356,0.0014973375886544,0.0274851283177274,0.007901704537268,0.0010975053714356,0.0012668788073792,0.0010975053714356,0.0469209550119194
bir_dw3_r1,0.0010975053714356,0.0088398803211123,0.0010975053714356,0.0016763040746701,0.0298975451747356,0.0018847930254835,0.0010975053714356,0.0010975053714356,0.0114336789104872,0.0010975053714356,0.0010975053714356,0.0105302347010114,0.0012125649929076,0.0010975053714356,0.0166993953210798,0.0056221316876685,,0.0010975053714356,0.0010975053714356,0.0010975053714356,,0.0010975053714356,0.0010975053714356,0.0012405500929375,0.0049470044289133,0.0018577293701475,0.0010975053714356,0.0010975053714356,0.0010975053714356,0.0010975053714356,0.0094775163586505,0.035798399328418,0.0010975053714356,0.0010975053714356,0.0010975053714356,0.0039964852172874,0.0010975053714356,0.0017675748809762,0.0010975053714356,0.0066128730423968,0.0010975053714356,0.0043778961353031,0.0130223875823441,0.0010975053714356,0.0356968219003667,0.0057078432109637,0.0178343479830882,0.0076751947255621,0.0205243407048066,0.0010975053714356,0.0010975053714356,0.0029895578416027,0.0010975053714356,0.0010975053714356,0.0133840688757988,0.0010975053714356,0.0019646410117743,0.0017494940071796,0.0175830145365714,0.0039300290909895,0.0080934382204183,0.009461854625869,0.0010975053714356,0.0010975053714356,0.0022927162163011,0.0041815712422712,0.0064006594448379,0.0019209967252019,0.0010975053714356,0.0164506113857729,0.0289269170820838,0.0364588515979173,0.0019811512633768,0.0011414246325367,0.0674202346060913,0.0157909712577381,0.0157918234668737,0.0169298342502534,0.0010975053714356,0.0027241525047923,0.150678931318457,0.0020354701927632,0.001518858505709,0.0026892666787291,0.0390537826437113,0.016155144871692,0.0013846317893181,0.0015844735315112,0.0226566700383373,0.0022643917009116,0.0010975053714356,0.0010975053714356,0.0041651532542042,0.0483062678010661,0.001836630976165,0.0248107754921725,0.0074494534842977,,0.0011993483697192,0.0010975053714356,0.0016151452525442,0.0020245897590241,0.0016177956299392,0.0010975053714356,0.0020956179175767,0.0010975053714356,0.0364402132539423,0.0265891352359917,0.0308243726635601,0.0421600092647884,0.0414459294563365,0.0010975053714356,0.0063298453010352,0.0010975053714356,0.0050457430575945,0.0011520186764612,0.0010975053714356,0.02789099288006,0.0117231884112882,0.0010975053714356,0.0010975053714356,0.0011623233378165,0.0616554382317244
bir_dw3_r2,0.0010975053714356,0.0092907413849642,0.0010975053714356,0.0011235819405809,0.0431030454491369,0.0019258202468122,0.0010975053714356,0.0010975053714356,0.0111394931397673,0.0010975053714356,0.0010975053714356,0.007356736744023,0.0016443252541117,0.0010975053714356,0.02656936203578,0.0046639579712521,,0.0010975053714356,0.0010975053714356,0.0010975053714356,,0.0010975053714356,0.0010975053714356,0.0011373922533526,0.0055046590250671,0.0022850818998778,0.0010975053714356,0.0010975053714356,0.0010975053714356,0.0010975053714356,0.0121076175616294,0.0143519757253562,0.0010975053714356,0.0010975053714356,0.0010975053714356,0.0032086420518908,0.0010975053714356,0.0027925521725762,0.0010975053714356,0.0079035232158247,0.0010975053714356,0.0056197246751278,0.0014746056492844,0.0010975053714356,0.0467666578121787,0.0010975053714356,0.0219369673942736,0.0062263446579514,0.0300064753962464,0.0010975053714356,0.0010975053714356,0.0039929590912916,0.0010975053714356,0.0010975053714356,0.0018305247468541,0.0010975053714356,0.0010975053714356,0.0021295281465735,0.0055471452287406,0.0015250065575664,0.0105751844072697,0.0124642642947422,0.0010975053714356,0.0010975053714356,0.002128292329695,0.0044851752648816,0.0056857329312216,0.0011445187154043,0.0010975053714356,0.0103339589205812,0.0327344127473417,0.014228838856282,0.0013159380406631,0.0010975053714356,0.0903873470605577,0.0196267972507824,0.0214321676379668,0.0222180318948573,0.0010975053714356,0.0020124264805978,0.260348244361115,0.0021794655542095,0.0019692052619448,0.002754435906386,0.0259999081821706,0.0039910076750244,0.0011618634936816,0.0010975053714356,0.0211621098263443,0.0020146568904572,0.0010975053714356,0.0010975053714356,0.0010975053714356,0.037977426118522,0.0010975053714356,0.022978378948769,0.0073090255755092,,0.0010975053714356,0.0012468760068458,0.0010975053714356,0.00268132685185,0.0017046568974867,0.0010975053714356,0.00223355643989,0.0013628030483035,0.0381302344632569,0.0338311446896105,0.0343325088205047,0.0464468994259029,0.0491272399941886,0.0010975053714356,0.0010975053714356,0.0010975053714356,0.0014800756864139,0.0010975053714356,0.0010975053714356,0.0108916935856504,0.0110686021596033,0.0010975053714356,0.0010975053714356,0.0010975053714356,0.0709127563122977
air_up2_r2,0.0037732201852976,0.0082922591122265,0.0035435651903404,0.0050597524432828,0.0059987213571829,0.0042918273470768,0.0035758214052354,0.0084948552066517,0.013805814653432,0.0031280110427363,0.0030681317354295,0.0092210714504324,0.0042233653643978,0.0021571320336706,0.0078785694682882,0.0083903895720255,0.0045650512484966,0.0036640830089647,0.0044948087227989,0.0028705039919704,0.0545752034010146,0.0035700938004022,0.0016158822875558,0.0018836570253455,0.0052882083809294,0.0049596176811987,0.0043954933717879,0.0031296227877966,0.0036199823416255,0.0034990362653623,0.0049153285847826,0.0110716961182572,0.00401124015468,0.0035140511966761,0.0031971473446613,0.0039291647267259,0.0033224693097987,0.028311307488183,0.0036633281177494,0.0082805707667181,0.0035818107431222,0.014176234911605,0.0779713599301677,0.0037470737423779,0.0131307054069925,0.0029580666298595,0.0076886789630319,0.0030382930935641,0.0056189667212509,0.0035397774830253,0.0024416373195651,0.0026616502263123,0.005503118731083,0.0035108205025293,0.0058809086112494,0.0018312922095088,0.003338038120851,0.0036852233856801,0.0074656503718241,0.0034353434473523,0.0049027977174698,0.0046790088118531,0.0036094464167908,0.0046386661333851,0.0032147221931217,0.006812445746559,0.004005187975556,0.0247458914777276,0.00333913762095,0.0169882432113212,,,0.003634675468241,0.00348766199693,0.0145814540470927,0.0167476070082876,0.0098766229385999,0.0189956471315055,0.0040791324832903,0.0041168510418865,0.0195250633277862,0.0025627004817792,0.0044797713630871,0.004924948149884,,0.0039892139769396,0.0030331360017082,0.0067310948731136,0.035502601735923,0.0038995094902342,0.0035337082926767,0.0028715019958705,0.0035562369270607,0.0423313820141291,,,0.0084290195339207,0.0055146179116011,0.0181824091060428,0.0040169513018541,0.003229335354578,0.0041792686880367,0.0046700782665377,0.0034604286261638,0.0041350807031387,0.0043137860393404,0.0062259732269307,0.0059501297961488,0.0064197138100077,0.0083399623081818,0.0101595701099753,0.0035091790518348,1.15129254649702,0.0032296640878581,0.0045941358980972,0.0039900425454841,0.0053701689497974,0.0129219010148704,0.0060143391961411,0.0031405623059927,0.0071742526789189,0.0034835207379699,0.029355553432396
ehr_up1_r1,0.0010975053714356,0.028741398617761,0.0010975053714356,0.0010975053714356,0.0219675653574402,0.0141050989700177,0.0014143080796571,0.0072953023985079,0.0919471014491116,0.0010975053714356,0.0010975053714356,0.0231608882400904,0.0480054367752571,0.0010975053714356,0.0521389108848043,0.0133983617717982,0.0010975053714356,0.0010975053714356,0.0010975053714356,0.0010975053714356,0.437047651300441,0.0010975053714356,0.0010975053714356,0.0010975053714356,0.0017204308423996,0.0084636288050334,0.0010975053714356,0.0010975053714356,0.0010975053714356,0.0010975053714356,0.0046111392766788,0.0192964682416462,0.0010975053714356,0.0035701699497541,0.0010975053714356,0.0015258556390515,0.0010975053714356,0.02831886115262,0.0010975053714356,0.0033759924376725,0.0010975053714356,0.0131717055054404,0.934170625846781,0.0010975053714356,0.0105155180129894,0.0026863108761709,0.0024280914109591,0.001112946753989,0.012918040733812,0.0484384463816595,0.0010975053714356,0.0010975053714356,0.0010975053714356,0.0010975053714356,0.0049199997202143,0.0010975053714356,0.001521006521886,0.0010975053714356,0.0142014410594578,0.0298214137955353,0.123504171726591,0.0010975053714356,0.0010975053714356,0.005564801549146,0.0010975053714356,0.0117091128103921,0.0019049097308509,0.0339733983637779,0.0010975053714356,0.0137329936697908,0.232475352136583,,0.0010975053714356,0.0010975053714356,0.413291937862914,0.0455832345744138,0.105205297632838,0.0956582282870724,0.0015613465684763,0.0010975053714356,0.686326247484784,0.0010975053714356,0.0011421595428404,0.0010975053714356,0.182488476978633,0.0116554077410023,0.0010975053714356,0.0184334459974409,0.302114280061079,0.0010975053714356,0.0059448601594572,0.0010975053714356,0.0010975053714356,0.100755508609035,0.0035122696276508,0.0109947161743642,0.017430903437514,0.0021933399368684,0.0170259349923701,0.0010975053714356,0.0621198558027605,0.0010975053714356,0.0216834336687131,0.0010975053714356,0.0061027211595753,0.0024378596538687,0.0059949065170454,0.0069318002990515,0.0070022082862738,0.0123454301090996,0.0122133713307314,0.0010975053714356,0.0408007442149414,0.0010975053714356,0.0010975053714356,0.0010975053714356,0.0028935468919758,0.0176262680911916,0.0121962088872837,0.0010975053714356,0.0048609982242248,0.0010975053714356,0.41404017882407
ehr_up1_r2,0.0026936203060651,0.0309782095063105,0.0010975053714356,0.0031510277173726,0.0239976641454666,0.0152515500308765,0.0022812121375448,0.0053509673503584,0.0852885882663576,0.0010975053714356,0.0010975053714356,0.0220121706892777,0.0558205622499013,0.0011210245838798,0.0559986808986518,0.0157758745188966,0.0010975053714356,0.0014634147207094,0.0010975053714356,0.0010975053714356,0.860811366997929,0.0014775001585163,0.0015934509239134,0.0010975053714356,0.0040206896502557,0.0097926981566542,0.0010975053714356,0.0010975053714356,0.0010975053714356,0.0010975053714356,0.0038553887872487,0.0192185222937085,0.0010975053714356,0.0057449125632027,0.0010975053714356,0.0029863034205098,0.0010975053714356,0.0238469072160233,0.0019585800574334,0.0050084364168891,0.0012048087975464,0.0130238323965865,0.695743622722528,0.0010975053714356,0.0102457869354394,0.0033113561044535,0.0040813470396596,0.0053395070592914,0.0133859288935422,0.0384826721750381,0.0030408581983525,0.0010975053714356,0.001375288002148,0.0012576450418587,0.0049613701091743,0.0047736214880327,0.0024804669712353,0.0013986987543513,0.0135552016487241,0.0118429098889656,0.240961061281092,0.0012973160904919,0.0031452133027743,0.0090073402592204,0.0010975053714356,0.0135556761721979,0.0033217656918341,0.0284530493412083,0.0011275415327139,0.0132194367952435,0.237663537054311,,0.0032007064080352,0.0018336912370486,0.45376629308357,0.0637424100671675,0.109489058118119,0.0963883470588406,0.0028255913476252,0.0016450227076441,0.745318984559653,0.0011852108237314,0.0010975053714356,0.0016097525127716,0.227200903392147,0.011087043588969,0.0010975053714356,0.0212741317691147,0.302519329485787,0.0012883299907726,0.0084183755962273,0.0010975053714356,0.0022847374614986,0.0990154229705297,0.0048225583376613,0.0094736920449402,0.0199680159586766,0.005103528187755,0.0163611440660234,0.0010975053714356,0.076364429566618,0.0010975053714356,0.0295820457445744,0.0010975053714356,0.007088595101916,0.004136047234461,0.0055244176721515,0.0082684509892826,0.0067810736541096,0.0124318156572449,0.0123033786729598,0.0010975053714356,0.0232499852573776,0.0010975053714356,0.0012929028384965,0.0010975053714356,0.0034852698265813,0.0163751491844098,0.014067930084242,0.0015873219805473,0.0053948408560383,0.0010975053714356,0.430529764357531
ehr_up2_r1,0.0010975053714356,0.0341356828819675,0.0010975053714356,0.0020334708581054,0.0176695027677405,0.0298221357840522,0.0027752118478935,0.0060341344880415,0.103702725283938,0.0010975053714356,0.0010975053714356,0.0331003472826378,0.0913222859555673,0.0010975053714356,0.06794494957396,0.0367815963559303,0.0010975053714356,0.0010975053714356,0.0010975053714356,0.0010975053714356,0.817035823421095,0.0010975053714356,0.001624693405639,0.0010975053714356,0.0041758752550065,0.0165215251366402,0.0010975053714356,0.001397662361082,0.0010975053714356,0.0010975053714356,0.0036274964091627,0.0218995314181429,0.0010975053714356,0.0110360774617113,0.0010975053714356,0.0013367280044815,0.0016102570292724,0.0070780801532874,0.0018630467522036,0.0048020615374008,0.0010975053714356,0.0127715922997991,0.809273389580709,0.0010975053714356,0.0090374722559723,0.0037241510157165,0.0036904475749166,0.0245525618815975,0.0283182898051171,0.0575126119096405,0.0010975053714356,0.0010975053714356,0.0011447784017868,0.0010975053714356,0.0015275408576699,0.0242359640420287,0.0023209144645707,0.0010975053714356,0.0086646161366339,0.0049295052295275,0.337506894075699,0.0011508604208453,0.0074814349782771,0.0109467367987558,0.0010975053714356,0.0116765938336718,0.0018167837627901,0.022170910630016,0.0010975053714356,0.0137324964355913,0.337149342321138,,0.0025441215776572,0.0010975053714356,0.95904877716377,0.149765303106929,0.240062515902355,0.214875298577239,0.0010975053714356,0.0017540426865488,1.15129254649702,0.0010975053714356,0.0014821652084879,0.0010975053714356,0.407399597901654,0.0128921426731697,0.0010975053714356,0.0103961808950131,0.644850925242438,0.0010975053714356,0.0327050625654802,0.0010975053714356,0.0010975053714356,0.0873790469499094,0.0037415688913884,0.0082755670002317,0.0281043226586404,0.0222913160172859,0.0054418792072911,0.0055787310613331,0.14635254884777,0.0010975053714356,0.0710771280324898,0.0010975053714356,0.0069698231679422,0.0044849379808862,0.0042434313332563,0.0065096697920791,0.0041591634759786,0.0094271052082954,0.0107557016984888,0.0010975053714356,0.0758865986873652,0.0010975053714356,0.0010975053714356,0.0010975053714356,0.0018735628643887,0.0173946591883344,0.0151358938134032,0.0053820878871716,0.0030222386077034,0.0010975053714356,0.434036184337462
ehr_up2_r2,0.0010975053714356,0.0298647454178283,0.0010975053714356,0.0010975053714356,0.0099748884833704,0.0233078665852369,0.0025412496667029,0.0036266776816626,0.0820852549058466,0.0010975053714356,0.0010975053714356,0.0247860970019693,0.0536891656988027,0.0010975053714356,0.0599890918102448,0.0215299837916347,0.0010975053714356,0.0010975053714356,0.0010975053714356,0.0010975053714356,1.15129254649702,0.0010975053714356,0.0012501448997648,0.0010975053714356,0.0035032038204464,0.0147776396926758,0.0010975053714356,0.0017253777278209,0.0010975053714356,0.0010975053714356,0.0026737751320208,0.0153340515715226,0.0010975053714356,0.009817033523113,0.0010975053714356,0.0014323624681762,0.0019711038715505,0.0026161571748602,0.0012563103055627,0.0047547082645645,0.0013216172561171,0.0105523478299189,0.689816173637444,0.0010975053714356,0.0079843194697494,0.0030104940339641,0.0037508744208604,0.0164835270970367,0.021296286515445,0.0549340885956116,0.0010975053714356,0.0010975053714356,0.0011800451123702,0.0010975053714356,0.0010975053714356,0.016568468476643,0.0016149285538107,0.0010975053714356,0.0053935413127671,0.0020541407435834,0.266562388956136,0.0011192716617122,0.0057003596494842,0.00955476274228,0.0010975053714356,0.0102587057873848,0.001375662148786,0.0138056716947547,0.0014015400446857,0.0094181169396467,0.242890743063555,,0.0020313102464365,0.0010975053714356,0.959281714052184,0.128383811162216,0.192266148872854,0.181349551095654,0.0010975053714356,0.0016443303229054,1.15129254649702,0.0010975053714356,0.0011010121924795,0.0010975053714356,0.302276523021712,0.0091888092400472,0.0010975053714356,0.0065400606621679,0.393581749991399,0.0010975053714356,0.0223649185321606,0.0010975053714356,0.0017479969585196,0.063084998535096,0.0016830628561424,0.0065073332044033,0.0237504275768154,0.0132412550251845,0.0023079433057782,0.0043975327685639,0.112064089802794,0.0010975053714356,0.0544915943662194,0.0010975053714356,0.0051735136648002,0.0046413180138824,0.0035911923774874,0.0060419392005953,0.0042047064731066,0.0089929685680752,0.0080447501073266,0.0010975053714356,0.0400602613942656,0.0010975053714356,0.0011914100948109,0.0010975053714356,0.0013720837527096,0.0129164194499735,0.0119288269758704,0.0037430517078842,0.0019956803557403,0.0010975053714356,0.408529399991865
ehr_dw1_r1,0.0010975053714356,0.0292552205243476,0.0010975053714356,0.0010975053714356,0.0295926258534185,0.0163942491027883,0.0021980587224799,0.0134988887987117,0.0949072687787757,0.0010975053714356,0.0010975053714356,0.0297101630727411,0.0458544782252115,0.0010975053714356,0.107912157385494,0.0127399485950878,0.0010975053714356,0.0010975053714356,0.0010975053714356,0.0010975053714356,0.770880805214907,0.0010975053714356,0.0010975053714356,0.0010975053714356,0.0020494489686194,0.0098060076714833,0.0010975053714356,0.0390923356691376,0.0010975053714356,0.0035129785584456,0.0054177906721286,0.0244599461114437,0.0010975053714356,0.004124909659934,0.0010975053714356,0.0025215907543498,0.0010975053714356,0.0300383537935169,0.0010975053714356,0.0103041769844553,0.0010975053714356,0.01464290772065,0.945285304724498,0.0010975053714356,0.0115986809994068,0.0030444877779213,0.0028255941025247,0.0029574764053987,0.0153979893760193,0.0239804410932646,0.0010975053714356,0.0010975053714356,0.0010975053714356,0.0010975053714356,0.0044464097026804,0.0029629301408877,0.0026272794609342,0.0010975053714356,0.0139617884685382,0.0260319909190287,0.137347671067603,0.0010975053714356,0.0010975053714356,0.0091303432638646,0.0010975053714356,0.0145998016908782,0.0023252733659369,0.0308665695960182,0.0010975053714356,0.0166613850726418,0.16958822486768,,0.0012700245641005,0.0010975053714356,0.453862787420594,0.0666271299205609,0.118172663704914,0.106863868315647,0.0010975053714356,0.001234440333046,0.748980180720311,0.0010975053714356,0.0018556155510562,0.0010975053714356,0.235146418258768,0.0223080420731631,0.0010975053714356,0.0260906931168092,0.349466675295652,0.0010975053714356,0.0070481504798314,0.0010975053714356,0.0010975053714356,0.121460864822002,0.0061738200236033,0.0154395644644537,0.0218704323796137,0.0026299806625417,0.0207561909371033,0.0010975053714356,0.0757533083810079,0.0134655535908096,0.0139297280602813,0.0010975053714356,0.0062695128031404,0.0029711859277439,0.0054003794556743,0.0068973595406908,0.0067138681123736,0.0142781883919095,0.0154812418957296,0.0010975053714356,0.0210285992779362,0.0010975053714356,0.0010975053714356,0.0010975053714356,0.003391361610699,0.0189524959737486,0.0127199025960385,0.0132478507303868,0.0060838118041813,0.0010975053714356,0.427223606033451
ehr_dw1_r2,0.0014856220413011,0.0421037144810763,0.0025893934981194,0.0021491684119688,0.0310231726658455,0.021426431040955,0.0045084446699508,0.0115958262945563,0.109753584251799,0.0012069058725976,0.0010975053714356,0.0315287981709663,0.0717064884489268,0.0021890703428059,0.178932756391279,0.0191272137808182,0.0010975053714356,0.0016908217660231,0.0016645726917935,0.0022321954312522,1.15129254649702,0.0019384027992974,0.0028355950470261,0.0021268698960329,0.0061878263836116,0.0156232870097478,0.0013731928604329,0.0584033771852586,0.0014107454056804,0.0089293132284457,0.0079780837182093,0.0272745191985853,0.0015309470993969,0.0091893357099022,0.002098047251924,0.0043354422779303,0.0022489672310768,0.0192284810501487,0.0033486748995428,0.0076996684535072,0.002966701923268,0.0164523845497874,1.15129254649702,0.0010975053714356,0.0138798583353982,0.0074549118001111,0.0053728107304132,0.0104983866392327,0.0266110780668387,0.0360738832169294,0.0017055593480058,0.0010975053714356,0.0024111328855022,0.0024309983204138,0.0062538569820149,0.0102702134731253,0.0047801249410324,0.0023015204610868,0.0160345191091823,0.033097077176893,0.292409513322982,0.0029623909025556,0.0038994334916201,0.0138854267260682,0.0013553003144308,0.0161092713285392,0.0045284906612004,0.029047718107923,0.0023302853121595,0.0167071076271302,0.377298042119689,,0.003457071889619,0.0013999022811426,0.822063598650282,0.0784896495570326,0.170969885500298,0.153318822054492,0.0030857292390517,0.004666775963272,1.15129254649702,0.0019478946497401,0.0022457274789214,0.0028944660773463,0.316676450407311,0.0188087768092566,0.0023508605647978,0.0349733660065304,0.670767559559683,0.0026541424291113,0.0173219621660665,0.0011195301919753,0.0029735049009809,0.130027695790711,0.0088353176819695,0.0187302438549067,0.0291791965671454,0.0076508175126592,0.0161549929900101,0.0020104634944719,0.131956804813061,0.0161625075597126,0.0278751735793529,0.0010975053714356,0.0093449569020273,0.0056607039553009,0.0090492230471684,0.0110429968315505,0.010325153348275,0.0168895936999596,0.0170951269653663,0.0013082749782001,0.0588773208718111,0.0018897144751732,0.0026280122221808,0.001542884662331,0.0045889102940087,0.026606478303785,0.0215321633916127,0.0094514104252707,0.0066072460150308,0.0015728393042914,0.60308433994081
ehr_dw2_r1,0.0010975053714356,0.0288072858720714,0.0024639493051358,0.0010975053714356,0.0318764943584993,0.0176248423518609,0.0041842280748834,0.0242233890620981,0.211492565574491,0.0010975053714356,0.0010975053714356,0.0544609303407922,0.0465342814551671,0.0010975053714356,0.151786519749311,0.0186033646343471,0.0010975053714356,0.0010975053714356,0.0010975053714356,0.0010975053714356,0.428868298693685,0.0010975053714356,0.0010975053714356,0.0019738938760839,0.0046160480590632,0.0093705429121128,0.0010975053714356,0.0463212845150473,0.0010975053714356,0.0037565196839457,0.0111778960207108,0.0414234694280527,0.0010975053714356,0.004672224695783,0.0057629140494016,0.0051143594462511,0.0010975053714356,0.0544748779532668,0.0028960434335289,0.0168311633941258,0.0010975053714356,0.0227753646352238,0.727417778846501,0.0010975053714356,0.0183060979156733,0.0073152266592249,0.0076641525026788,0.0016943454165635,0.0203493489006529,0.0179308865180415,0.0010975053714356,0.0010975053714356,0.0022027206247509,0.0014564918908191,0.0192889764370361,0.0014977205387095,0.0039234310607683,0.0013455398204544,0.0239371342997749,0.0582317031106887,0.0820409701524043,0.0038886128351849,0.0014625063509665,0.0123202883851969,0.0010975053714356,0.0225790030621292,0.0058509176628583,0.0640318383253334,0.0010975053714356,0.0245762787187267,0.232093778895728,,0.0036798296641133,0.0015946499949512,0.351567557355464,0.0896645604070185,0.0801620778626575,0.100013374608731,0.0043907374673421,0.0026259256531122,0.64073146320262,0.0010975053714356,0.0014758172120289,0.0016292876911215,0.26483771857642,0.0319924317102697,0.0014793732296805,0.0413855921018736,0.418766920984265,0.0010975053714356,0.0056398904963821,0.0010975053714356,0.0022058846358804,0.148751103199325,0.01245880055097,0.0321012200572462,0.0291283417108331,0.0042311176358972,0.042131765707167,0.0010975053714356,0.0984958504175428,0.0247158288525529,0.01637490830608,0.0010975053714356,0.009848375824137,0.0043741383417924,0.013835615174454,0.0123333220752059,0.0122212618937219,0.0240489399432296,0.028060596185829,0.0010975053714356,0.0498507699421858,0.0010975053714356,0.0025218027609667,0.0010975053714356,0.0077196634675233,0.0398648078546469,0.0171312351654116,0.0059979677411794,0.0110933234370582,0.0010975053714356,0.336680133666744
air_dw1_r1,0.0024078426119503,0.0071948563394396,0.0027015542871158,0.0047548988493735,0.0052439644840958,0.0046368236647671,0.0031644275233665,0.0038425588779607,0.0158352708283905,0.0025706808871117,0.0026422650299053,0.0066812286082226,0.0033890162203403,0.0020257114496266,0.0107787026377424,0.0069914189748361,0.003785785875522,0.0028971476061464,0.0028069577722164,0.0022188381168626,0.0403738492157033,0.002826966935076,0.0017380384728432,0.002547827391569,0.0029664366341876,0.00434079312111,0.0036796995048734,0.0030979699175422,0.0026578829520068,0.002688101250023,0.0048418254323223,0.0155970185460933,0.0032102526575203,0.0026169437374768,0.0030455418052031,0.0036622315677619,0.0030997231497304,0.0277280360884464,0.0025790419588466,0.0097487717976522,0.0029027563856201,0.0059813759294908,0.0562870649750033,0.0033197430269553,0.0140646070518984,0.0010975053714356,0.0088536364838367,0.0031561308065496,0.006288549105764,0.0048844538463716,0.0024584478766655,0.0014743883633784,0.0048822830334894,0.0029349294780458,0.0062214676322844,0.0018889682877082,0.0040683945471241,0.0028000166910927,0.0076909188236912,0.0022014121411344,0.0049656846644389,0.0046757664544638,0.002576454674105,0.004236129468936,0.0023286616850067,0.0056702615399506,0.0029426263905579,0.0190286649075948,0.0028430998764347,0.013913144309893,,,0.0035706770989157,0.0032366495590973,0.0153478311396809,0.0185790692829106,0.0094599275837254,0.0182566206511666,0.002736844799715,0.0035647162533019,0.0218325165859986,0.0027795233014574,0.0045513150640172,0.004471451882044,,0.0079842587717971,0.0027972926735844,0.0063137658124041,0.0377567340096713,0.0024923430338825,0.002733752083325,0.0029511942854467,0.00314075748688,0.049290914604063,,,0.0083555907724652,0.0053762269232494,0.0181600166902832,0.0036662884719138,0.0030528475494564,0.0046295723816012,0.0055820617214339,0.0032843544170329,0.0036645087139663,0.0030546915677834,0.005750621542784,0.0069809046017002,0.0068375748005086,0.0096316577556414,0.010123953603583,0.0027405203779147,0.968450228113596,0.002688000846757,0.0043446725596165,0.0030197956518834,0.005139899609747,0.0110955778568909,0.006472519623237,0.0026680800870335,0.0069286738095353,0.00267599372212,0.0314899105163119
ehr_dw2_r2,0.0010975053714356,0.0083104814641652,0.0010975053714356,0.0010975053714356,0.0049392048828411,0.0011814485044248,0.0010975053714356,0.0010975053714356,0.010493391516343,0.0010975053714356,0.0010975053714356,0.0062323234686775,0.0010975053714356,0.0010975053714356,0.0334250287647641,0.0039574473052023,0.0010975053714356,0.0010975053714356,0.0010975053714356,0.0010975053714356,0.0733216648590853,0.0010975053714356,0.0010975053714356,0.0010975053714356,0.0030688035492951,0.0020695056362672,0.0011500493544088,0.0010975053714356,0.0010975053714356,0.0010975053714356,0.0099493907273778,0.0210969378590552,0.0010975053714356,0.0012657033948206,0.0010975053714356,0.0010975053714356,0.0010975053714356,0.0060924494038905,0.0010975053714356,0.0056682334534513,0.0010975053714356,0.0065295631737764,0.0247129005296833,0.0010975053714356,0.0387753430481801,0.0010975053714356,0.0134787288410725,0.0028237452969532,0.0223924876135658,0.00399691519024,0.0010975053714356,0.0010975053714356,0.0012385465965193,0.0010975053714356,0.0077457500322339,0.0010975053714356,0.0010975053714356,0.0025490767028486,0.0135135517247575,0.0150970526802203,0.004106760093412,0.0101238642001744,0.0010975053714356,0.004069224849832,0.0011149981555291,0.0065833176271288,0.0010975053714356,0.002936449286266,0.0010975053714356,0.0082437549660848,0.0434734868051969,,0.001412189721721,0.0010975053714356,0.120558560092756,0.0142577335493083,0.0198083355323109,0.0191654338058496,0.0010975053714356,0.0010975053714356,0.146069665686398,0.0020406848766719,0.001681276416295,0.0019255811397615,0.06585678276442,0.0084076307516431,0.0010975053714356,0.0019879439493336,0.030791970600514,0.0012646181164587,0.0010975053714356,0.0010975053714356,0.0021058536132027,0.0178552566362751,0.001118860448753,0.0179145727330594,0.0136330312567439,0.0021599531856504,0.0044378158884633,0.0010975053714356,0.002020451550896,0.0010975053714356,0.002660385059576,0.0010975053714356,0.001637241368021,0.0010975053714356,0.0387068199782193,0.0202870744329193,0.0354318641976912,0.0337004248414302,0.0485418715719618,0.0010975053714356,0.101285643542988,0.0010975053714356,0.0019947967891874,0.0010975053714356,0.0010975053714356,0.0181828178857227,0.007551951657416,0.0010975053714356,0.0013045706506476,0.0010975053714356,0.0847502272319147
ehr_dw3_r1,0.0010975053714356,0.0191890385010115,0.0010975053714356,0.0010975053714356,0.0085784234157948,0.0045916006212138,0.0012275592798192,0.0039945922811337,0.0227190215013374,0.0010975053714356,0.0010975053714356,0.0130181319047941,0.0019394416377739,0.0010975053714356,0.0377237502924732,0.0242922476387922,0.0010975053714356,0.0010975053714356,0.0010975053714356,0.0010975053714356,0.0507579282617067,0.0010975053714356,0.0010975053714356,0.0011514107352519,0.0032343639824456,0.0036687799594951,0.0010975053714356,0.0101116354878184,0.0010975053714356,0.0013957426047322,0.0079544587770665,0.0132768484581176,0.0010975053714356,0.0020361298640779,0.001173431231366,0.0012754452952495,0.0010975053714356,0.0039111981568031,0.0022182700223585,0.0039183426026323,0.0012817779205539,0.0210169686217008,0.0732273814110144,0.0010975053714356,0.0181269545540288,0.0024951377224259,0.0061474663684408,0.0011263404876491,0.0220492666209588,0.0215632094369032,0.0010975053714356,0.0010975053714356,0.0010975053714356,0.0010975053714356,0.0039229417051419,0.0010975053714356,0.0022285586456876,0.0017189270602426,0.0069801438971094,0.0073697590238602,0.0446201459467556,0.0043991537878609,0.0012546555271554,0.0047808521907414,0.0010975053714356,0.0058134776508105,0.0017794153881655,0.0081212690222663,0.0010975053714356,0.0088459868681507,0.0460857971771435,,0.0021971428122791,0.0015530593532828,0.149500468386147,0.0210122988078287,0.0343031048578953,0.0372859397296208,0.0039571930289849,0.0010975053714356,0.15008128772925,0.0010975053714356,0.0021906081197722,0.0027730322286467,0.11830390246795,0.0071999968537672,0.0010975053714356,0.011018249214851,0.11290835115232,0.002106977343971,0.0025151107626313,0.0010975053714356,0.0013017823345572,0.0566153796849261,0.0024896901627725,0.0201653323695142,0.0128860829087912,0.0014558133683508,0.0031905594656919,0.0010975053714356,0.0070451728385371,0.0026334382138506,0.0026476744319504,0.0010975053714356,0.0028435546871959,0.001125895728218,0.023955937469351,0.0117420391593897,0.026410713156445,0.0190986884701094,0.0262296067397126,0.0010975053714356,0.0254099878610578,0.0010975053714356,0.0016916310521399,0.0012971141248003,0.0012068799327019,0.0131841835117072,0.0110571184257131,0.0010975053714356,0.0017397722844842,0.0012775002555749,0.112211694266087
ehr_dw3_r2,0.001225847618535,0.0249620428615425,0.0010975053714356,0.0010975053714356,0.0170870237835601,0.0066135757614322,0.0018714937251894,0.0030323561432905,0.045041746774431,0.0010975053714356,0.0010975053714356,0.0161266714077428,0.0038669685997353,0.0010975053714356,0.0815419959024584,0.0394446667768552,0.0010975053714356,0.0010975053714356,0.0010975053714356,0.0010975053714356,0.133431300915875,0.0010975053714356,0.0010975053714356,0.0011107618400331,0.0038229956419844,0.0043621421439206,0.0010975053714356,0.0098800072682204,0.0010975053714356,0.0010975053714356,0.0101854631864779,0.0240531990407329,0.0010975053714356,0.0031882865058575,0.0012336080458492,0.0021929794613566,0.0010975053714356,0.0079448883493215,0.0022077981110482,0.0048019184782298,0.0020362793172345,0.0318694392322309,0.154704350968424,0.0010975053714356,0.0165224930232298,0.0042266528504891,0.0073846210710344,0.0018007368927238,0.0370217530434935,0.0453655421583656,0.0010975053714356,0.0010975053714356,0.0010975053714356,0.0010975053714356,0.0064462078014884,0.0010975053714356,0.0017666766191643,0.0019522510267406,0.014829306379493,0.0066724157258978,0.0198235308512835,0.0047498386698753,0.0018798429372085,0.0064289487546838,0.0010975053714356,0.0086377334354652,0.0028332081614351,0.0149218068438076,0.0010975053714356,0.0150377903228182,0.0601195506370901,,0.0027967420905917,0.0015799095506042,0.47758431852419,0.0368143813999691,0.0637745956296236,0.0667086344981095,0.0096461273762754,,0.436928858802271,0.0010975053714356,0.0014193109968632,0.0024838448948776,0.181235319801139,0.0122206220263185,0.0010975053714356,0.0137243768824745,0.178604436821046,0.0019069799434718,0.0024893572675684,0.0010975053714356,0.0024187689761566,0.10642005213656,0.005063552971073,0.0217074912889272,0.016078948904304,0.0018732932995545,0.0052609909335486,0.0010975053714356,0.0163724343004155,0.0029382854724825,0.0051049075385583,0.0010975053714356,0.0035355652905871,0.0023166662880254,0.0390774129812714,0.0254391324469945,0.0375140629940304,0.0384044697146438,0.0379112947481478,0.0010975053714356,0.0968911427790641,0.0012567381468673,0.0018098408691462,0.0012051228437737,0.0019820915688706,0.0195465618893017,0.0216070180603702,0.0010975053714356,0.0029964703208256,0.0010975053714356,0.372658157943777
air_dw1_r2,0.0033035954315397,0.0093646455696501,0.0027432195875841,0.0047520248901725,0.0072400978078326,0.0034509015617383,0.0032051721483209,0.0070604520113081,0.0160854360206626,0.0022293921069672,0.0020540939531828,0.0102973868514351,0.0036868438452935,0.0015188482987192,0.0144949727246461,0.0084713650408203,0.0036080668083412,0.0018248638582394,0.0040138036230604,0.0022544072863464,0.054800029767756,0.0027474360084403,0.0038039512813102,0.0017874645013097,0.0037884310684269,0.0034875336204996,0.0026378260202996,0.0038752290586407,0.0027155547995777,0.0024312589829938,0.0051192020009992,0.0123652541672615,0.0028952904742873,0.0026743757118311,0.0037520535768204,0.0036596176132008,0.0023766139340178,0.0240820580648184,0.0033610385110205,0.0061710970048793,0.0026563993193634,0.0113033584835558,0.0589673467356012,0.0032116613466688,0.0149934066781736,0.002760684351599,0.0076095642444577,0.0025993600871015,0.0067987536598116,0.0045575001299031,0.0026542505947318,0.0010975053714356,0.0053891925655448,0.0026066752097628,0.0055771671075649,0.0016012670603523,0.0021098096839791,0.0029773415233584,0.0060256179239329,0.0048660552034046,0.008153743485363,0.0045285037223167,0.0026490319306676,0.0039395534471466,0.002363259364181,0.0065129787867749,0.0035329151337399,0.0178531059122187,0.0027190822565107,0.0133926529052952,,,0.0031107247118209,0.0026891581225501,0.018208996334852,0.0144627587341882,0.0117470081792686,0.0153690381321764,0.0040217984816444,0.0033885277934754,0.0226689397040847,0.0031740152120071,0.0035319120895419,0.0038635443758549,,0.0045781026428153,0.0032642095598449,0.0078293833383015,0.0688720574158232,0.0025018832570291,0.003236367287761,0.0020145001761719,0.0031695035697988,0.0424141436827956,,,0.0089370850037765,0.0074275925745502,0.0154104537912544,0.0029936466614823,0.0032264808613903,0.0037450656586809,0.0050652444583021,0.0033402989956196,0.0039455868735665,0.0032794383847035,0.0062831941474478,0.0067367912939582,0.0076836266185327,0.0083934119019446,0.0105261951085561,0.0027917833363315,0.945441307896543,0.002596544576329,0.0037873552832206,0.0030794098254037,0.0044429990946543,0.0109892357823343,0.006036374170641,0.0029293688956019,0.0061339145943078,0.0028247356390652,0.0394724108740346
alt_up1_r1,0.0010975053714356,0.0134861264202404,0.0010975053714356,0.0024780233835878,0.0162785974353453,0.0037793881172334,0.0018078125031096,0.0033197470819504,0.0818309449495901,0.0010975053714356,0.0010975053714356,0.0176268413034979,0.0112432177384127,0.0015728884361066,0.0639873895026747,0.0087121226292695,0.0010975053714356,0.0010975053714356,0.0019410469238586,0.0010975053714356,0.414553961304518,0.0011972458105419,0.0010975053714356,0.0010975053714356,0.002515649531904,0.0052394527027324,0.0010975053714356,0.0010975053714356,0.0010975053714356,0.0011381761876428,0.0067169133582835,0.0143491185239906,0.0010975053714356,0.0014175581629487,0.0013572887175317,0.0018026118241438,0.0012069911687383,0.0178134014577861,0.0022088979605116,0.0037527168006236,0.0019078031681543,0.0072737107160304,0.129926698601507,0.0016372104350428,0.0140458499754364,0.0032808222079896,0.0054786850583417,0.00148600506879,0.0093309931642244,0.0075212027072439,0.0010975053714356,0.0010975053714356,0.0013725750908096,0.0011593532720981,0.0037971440114183,0.0010975053714356,0.0071438577409873,0.0017383936756334,0.0137412488766571,0.047286789086573,0.0320670178945329,0.0028179076493417,0.0011732609253033,0.0023737215879965,0.0010975053714356,0.0083080548910554,0.0024203086878411,0.0499470957096185,0.0010975053714356,0.0183978762568797,0.0680964877878574,0.0133619061562738,0.0021071538696052,0.0011275837331268,0.072234403330574,0.0181964492400636,0.0183179952607979,0.0180340635847678,0.0021775488045323,0.0010975053714356,0.115250327165969,0.0011763981595878,0.0027033609684285,0.0022153144963294,0.0348389362282184,0.0065795463555664,0.0039170358191343,0.007799127024766,0.22841825682823,0.0010975053714356,0.0029924532423384,0.0012504973049833,0.0016560494857236,0.0485916429452741,0.006735687804819,0.0117372944575112,0.0205066913404751,0.0027167913084905,0.0129158014015235,0.0010975053714356,0.042207799275642,0.0020333939873615,0.0086699923519855,0.001338804223518,0.0089969177244509,0.0028155409796837,0.0094312776324387,0.0063178726100038,0.0067698910034607,0.0123594624299505,0.0122163696398767,0.0010975053714356,0.11696995181458,0.0010975053714356,0.001519015230796,0.0010975053714356,0.0035045926772341,0.0103675779417443,0.0061534466120464,0.0011142274456737,0.0050748399325197,0.0010975053714356,0.129454429688016
alt_up1_r2,0.0010975053714356,0.0552079925307519,0.0010975053714356,0.0012330148807285,0.0155071269240943,0.0043405590699339,0.0018519401306281,0.0058609056694585,0.112171709555423,0.0010975053714356,0.0010975053714356,0.0170270998179233,0.0179557349006544,0.0010975053714356,0.0574827320020694,0.010050885514179,0.0010975053714356,0.0010975053714356,0.0010975053714356,0.0010975053714356,0.402941846612966,0.0010975053714356,0.0010975053714356,0.0010975053714356,0.0017958380237051,0.0079786066700257,0.0010975053714356,0.0010975053714356,0.0010975053714356,0.0010975053714356,0.0057489003098996,0.0131069248070943,0.0010975053714356,0.0015887923694103,0.0013611110537947,0.001590442122789,0.0012301643312465,0.0194854684888798,0.0012898674897117,0.0038621356461757,0.0010975053714356,0.0060285011635902,0.487457053895782,0.0019585358150687,0.0137976919795078,0.0021051623337732,0.0044337350835301,0.001633445703949,0.0063610730834762,0.0151697557424057,0.0010975053714356,0.0010975053714356,0.0010975053714356,0.0010975053714356,0.0024491848469837,0.0014684062000055,0.0048511619726958,0.0011102394227335,0.0101687329104804,0.0283750046263914,0.105711145401044,0.0020795747618199,0.0010975053714356,0.0027125691120309,0.0010975053714356,0.0088503884801089,0.0020163562592761,0.0624219809868283,0.0010975053714356,0.0157641333041873,0.0863894369069648,0.0113796903435079,0.0012489502226462,0.0010975053714356,0.0944162817976953,0.0257544684112618,0.029692739553068,0.0257668868703791,0.0015944091791914,0.0010975053714356,0.140449276433276,0.0012690446116471,0.0017666984114948,0.001265026767874,0.0489696787818146,0.0055754725049364,0.0037564745397132,0.0102683531191017,0.120078051343318,0.0010975053714356,0.0040529677329484,0.0010975053714356,0.0010975053714356,0.0504775909255008,0.0056162574742085,0.0106311908228509,0.0187136673071214,0.0031969463430706,0.0120916120016295,0.0010975053714356,0.0637499053499057,0.0016463381545506,0.016883305251314,0.0010975053714356,0.0084418459000174,0.0029857405691758,0.0054424007896335,0.0040758148833073,0.003634844139014,0.0077378843704767,0.0091244901303691,0.0010975053714356,0.10978366062726,0.0010975053714356,0.0010975053714356,0.0010975053714356,0.0035158475432225,0.0123245137479028,0.0061684133802781,0.0017898954634135,0.0049394966186673,0.0010975053714356,0.162492553157207
alt_up2_r1,0.0010975053714356,0.0235476811530288,0.0010975053714356,0.0011752920550865,0.0173104906007411,0.0063215395159814,0.002502094118403,0.007770430987644,0.124486330460719,0.0010975053714356,0.0010975053714356,0.0184291870023156,0.0062543269565161,0.0010975053714356,0.0616100404700117,0.0078032088418291,0.0010975053714356,0.0010975053714356,0.0010975053714356,0.0010975053714356,0.430136483574909,0.0010975053714356,0.0010975053714356,0.0010975053714356,0.0026324033439134,0.005021093445504,0.0010975053714356,0.0010975053714356,0.0010975053714356,0.0010975053714356,0.0064335137642503,0.0172596409119691,0.0010975053714356,0.0015733438527291,0.0010975053714356,0.0020689400802268,0.0010975053714356,0.0210925795662604,0.0010975053714356,0.0046431128894797,0.0010975053714356,0.0097428198577059,0.306986189028005,0.0011907822375969,0.0168374896259226,0.0030380672636988,0.005945840137435,0.0010975053714356,0.008815459390236,0.0095439720553017,0.0010975053714356,0.0010975053714356,0.0010975053714356,0.0010975053714356,0.0026344800727197,0.0010975053714356,0.0030405166292854,0.0012504340637613,0.0121357131480661,0.0735708131038549,0.0246940552252131,0.0020604488888877,0.0010975053714356,0.0030993967171587,0.0010975053714356,0.0100320055149139,0.0022485075929433,0.0540010582915499,0.0010975053714356,0.0163495475780522,0.0841934402971871,0.0136887404516569,0.0015489496083621,0.0010975053714356,0.206946152478368,0.0297575843202965,0.032281934827158,0.0395009049635012,0.0012355024453576,0.0010975053714356,0.258705402038556,0.0010975053714356,0.0027375606577315,0.0016421011011113,0.0454930382177777,0.0119669750211227,0.0036589605772369,0.0064094303417592,0.0828235798829513,0.001147434286702,0.0017393455270083,0.0010975053714356,0.0012937160092085,0.063219061292358,0.0057225132788533,0.0134120258573857,0.0177048628309161,0.0025892796549026,0.0140725056955549,0.0010975053714356,0.0406348794109171,0.0020183326589846,0.0046717881340018,0.0010975053714356,0.0103487228753925,0.0023354997110686,0.0090664299522619,0.0064243712881146,0.0063836473324561,0.0118321392291323,0.0103247293576506,0.0010975053714356,0.0553765455726683,0.0010975053714356,0.0014733422456149,0.0010975053714356,0.0031762125289273,0.0128901701878432,0.006638738884339,0.0010975053714356,0.0054082689267413,0.0010975053714356,0.170499477592299
alt_up2_r3,0.0010975053714356,0.0312919299664855,0.0011702955454236,0.0017799314979227,0.021552008114429,0.0087573992132592,0.0031009516231872,0.0081693390160986,0.0831189538922743,0.0012544462282845,0.0010975053714356,0.020765821030967,0.0093749941268904,0.0012393624662235,0.0973488182714011,0.0093030730514188,0.0010975053714356,0.0015470871792544,0.0016934880050919,0.0012140284921179,0.412569454265487,0.0010975053714356,0.0016162159986895,0.0022176802819662,0.0028576164677399,0.006251296399179,0.0018583190756154,0.0011959819762652,0.0012843571580781,0.0010975053714356,0.0084031087114574,0.0196613449988147,0.0012065665468281,0.0024775004961396,0.0016771683468627,0.0029633969401639,0.0015526967531517,0.0232694328625607,0.0025015200164215,0.0063391128316571,0.0016473504926094,0.0135731851310627,0.115441385698764,0.0023981330668813,0.0174179108097728,0.0056633208603657,0.0068720845729599,0.0019848165330363,0.0121185655574536,0.0127498580509544,0.0015079388751503,0.0010975053714356,0.0025033025873993,0.0016253355636756,0.0048796951220413,0.0010975053714356,0.0058023782041249,0.00177680293965,0.0149107743407441,0.0472900866873012,0.0440867911880075,0.0033734473372279,0.0014922229500443,0.0048173593713682,0.0010975053714356,0.011730987368877,0.0038467911920376,0.0594052863511109,0.0010975053714356,0.0185830863024072,0.0638675289851547,0.0169631140669345,0.0027883732772796,0.0020691309274072,0.130089251817617,0.0362445072571077,0.0323668004303025,0.046350549963837,0.002781233136291,0.0018581337051666,0.372536544574212,0.0013870208477878,0.0026555426375397,0.002359402888682,0.0303017870372372,0.011131468666792,0.0061182448998424,0.0095907878168852,0.228309246548012,0.0015022340834044,0.0034635163032076,0.0010975053714356,0.0018926628085716,0.0711015815300452,0.0070726556912045,0.0155723979692363,0.019504877117227,0.0046784612554597,0.0172057307208935,0.0012806682595176,0.0619682073410602,0.0030870062664423,0.0065292682096663,0.0015494735056353,0.0123225821718906,0.0037055641765892,0.0122794748522023,0.0085006062750603,0.0091714904894772,0.0152116701360605,0.0149776975122956,0.0010975053714356,0.0761916463385788,0.0010975053714356,0.0022890744619452,0.0010975053714356,0.0045572877366775,0.0178952838237172,0.0093385089939876,0.0012786975325319,0.0063727753282015,0.0012292615526067,0.156300354443244
alt_dw1_r1,0.0010975053714356,0.0212247778002305,0.0010975053714356,0.0010975053714356,0.0394196697323071,0.0074495840830495,0.0030086479902379,0.0052400248127849,0.0914346635525978,0.0010975053714356,0.0010975053714356,0.0269896123046821,0.0102125726777856,0.0010975053714356,0.0718283279024652,0.0120465483010065,0.0010975053714356,0.0013998304095951,0.002083299890763,0.0010975053714356,0.368676851904986,0.0011175205781088,0.0010975053714356,0.0032279644073878,0.0038122909909677,0.0055931179348605,0.0022432186214209,0.0010975053714356,0.0010975053714356,0.0010975053714356,0.0094671671018862,0.0210204039886606,0.0013631646234853,0.0027182126395679,0.0022787870185502,0.0039404218330983,0.0017852885459948,0.0238478385625778,0.0025663493392894,0.0055742536597159,0.0015009383881716,0.0110960356167393,0.063384606513271,0.0018664335153783,0.0169369669964708,0.004247287966403,0.0088096194015684,0.0022720227226929,0.0196278513535687,0.0134677054790906,0.0010975053714356,0.0010975053714356,0.0016226035182579,0.0018908780956415,0.0076154635993653,0.0014524242746964,0.009487699146767,0.0018012020919612,0.0189466717888276,0.0782127779213382,0.0010975053714356,0.0035327156062623,0.0010975053714356,0.0044673664455099,0.0010975053714356,0.0096575085660853,0.0048695952438692,0.0608969930890147,0.0013150967182296,0.0218568110750068,0.0777728666394103,0.0201922995325714,0.0019169071663363,0.0017413358169898,0.192800985557264,0.0448544501359589,0.0376006607913732,0.0538758301721923,0.0038503270235861,0.0011236850387871,0.393517579564604,0.0010975053714356,0.0036620414055473,0.002630319142569,0.0742453306811702,0.0094218273289117,0.0067803620093198,0.0108191116256909,0.255313121102326,0.0010975053714356,0.0031530321689768,0.0010975053714356,0.0023071771906625,0.0887198169027397,0.0069807633592328,0.0189766199118093,0.0188450409041141,0.004755098462691,0.018680737871083,0.0011683027914998,0.0459621775079924,0.0016273151420622,0.0068681968505,0.0013365382978158,0.0118230213278692,0.0031962452997313,0.020655215896079,0.0107341450963605,0.0143578097367285,0.0229537603101328,0.0183781856797949,0.0014127245807631,0.0315226026596325,0.0013351768595613,0.0023112058687651,0.0010975053714356,0.0048992510987963,0.0189297512554001,0.0105935557407854,0.0010975053714356,0.0061127237053307,0.0014550852498965,0.217962941478497
alt_dw1_r3,0.0011168205139303,0.0131066589716495,0.0014983808852058,0.0018596451511827,0.0250076668071165,0.0052222490181935,0.002768434947077,0.0022853447323907,0.0577816296236053,0.0014243019241969,0.0015260925013502,0.0206173367555707,0.006125927741199,0.0026760431448414,0.0496277286824272,0.0091066633361474,0.0010975053714356,0.0025381834527393,0.0015809234980251,0.001626623445757,0.423601832496145,0.0014804112258295,0.0010975053714356,0.0016542450909717,0.0035553686031818,0.0043792001874473,0.0016586284010505,0.0010975053714356,0.0010975053714356,0.0010975053714356,0.008106564329489,0.0178967840525015,0.0021613522436335,0.0024032934188377,0.0014670254069085,0.0035667192066539,0.0015828248014223,0.0228592973808598,0.0023563680258241,0.0065239069744327,0.0021657475935167,0.0097117249345986,0.0875180643346024,0.0019519973901743,0.0213797685924171,0.0050155734283864,0.0089365682575967,0.0017329111951804,0.0111762251264375,0.0070097315342587,0.0015402735000144,0.0010975053714356,0.002318236898278,0.0018771833374155,0.0053243361946577,0.0010975053714356,0.0051164731441201,0.0020118037743641,0.0151642716401503,0.0466922497274005,0.0363817779793172,0.0045779869642236,0.0017176336319118,0.0040227626702996,0.0015692546269598,0.009358663298575,0.0034097925962555,0.0634474770993044,0.0015264026151989,0.0201848518884104,0.0515057009904408,0.0167024230443852,0.0021517917800637,0.0032185604775899,0.164646013856917,0.0294771275036206,0.0294495641718784,0.035596713247617,0.0033863832890629,0.0021885924642545,0.298410314842274,0.0022112325084113,0.0038162823691742,0.0030323005664946,0.0484043928167551,0.0065433595038789,0.0090711395006892,0.0064571778229452,0.219408573043805,0.0020893630755462,0.0025086147598162,0.0010975053714356,0.0037420110875007,0.0728668106176004,0.0065131807411071,0.0159889609343762,0.0161300944390995,0.0042697593017962,0.0154413829576916,0.0021782090907876,0.0349107457412469,0.002195152480048,0.0052307817345462,0.002148629501139,0.0095878165769264,0.0035682880496995,0.0136146588710104,0.0075845932665998,0.0089353789321637,0.0157430711572992,0.0117912343677218,0.0014052737863709,0.0378624022948512,0.0017397918728757,0.0024106768694008,0.0015201495367678,0.0043655280624674,0.0159124456271339,0.0071948777871329,0.0010975053714356,0.0056773474825786,0.0017450943340827,0.166376874371984
alt_dw2_r1,0.0018814670117169,0.0611635874147181,0.0027260113992114,0.0040213540222947,0.0739921489915673,0.0152401810207567,0.0041497061680789,0.0034197111611226,0.0903212658226583,0.0014029480854304,0.001224051406873,0.0356543052300558,0.0155345016476635,0.0010975053714356,0.063838868558516,0.0252302190226766,0.0018674688304549,0.0022989017660643,0.0019176656740488,0.0014028641998772,0.163465318127323,0.0010975053714356,0.001972252832833,0.0028891879509956,0.0068952016464992,0.0215240106357379,0.0026559061045902,0.0281747370724193,0.0015068139988559,0.0029752802704975,0.0148587406819527,0.0271128991294394,0.0028254006436968,0.0052042657107169,0.0044929880689836,0.0080390285725747,0.0026537953155885,0.0197763738022228,0.0033862016809303,0.0141623531987015,0.0028976220425421,0.0220398334578888,0.0609790966605149,0.002685018128308,0.0236158618709306,0.0073289528963583,0.012065038712305,0.0026250430566066,0.037512007014634,0.0389903194926053,0.0017547946594348,0.0010975053714356,0.0034618470212263,0.0024262351988897,0.0121747247227047,0.0010975053714356,0.0144148747111502,0.0035830048335894,0.0196804334992956,0.0668550573723156,0.090352841816054,0.0069648506605457,0.0022477562305453,0.0113355162954884,0.0018952423635024,0.0160228851582097,0.0100764916493303,0.0487827715940537,0.0018792353737515,0.020197703086518,0.0677683081788615,0.02427703475062,0.0048690255111996,0.0021403350896723,0.52054899698402,0.050706731764113,0.0455547678673938,0.0984129658935273,0.0090442547779975,0.0035827837117641,0.768929261330413,0.0027628896784379,0.0041180128028161,0.0038770865783834,0.225169799227789,0.013478843036846,0.0060380720532302,0.0222131801875875,0.0662037542729006,0.0019717918336141,0.0101030897510815,0.0012598136394293,0.0030624478348899,0.0984461083921856,0.0107727027509088,0.0294799151264287,0.0273653645027258,0.0062313969623096,0.0173034968884907,0.0015919226367488,0.0654257267663714,0.0151118175555869,0.0123038793756003,0.0021913524952206,0.0146708518388473,0.0039165591037064,0.0397627589457002,0.0302382800197423,0.0316438404902884,0.0394637010398975,0.0374297293599786,0.0019857465862862,0.0664280501100055,0.0021495078631969,0.0042396782510059,0.0015588681879865,0.0053692899103343,0.027869924300685,0.0203425715266732,0.0107859678179322,0.0068740836251899,0.0025552774000203,0.339470605392911
alt_dw2_r2,0.0010975053714356,0.0373557455274838,0.0011502935903173,0.0012707705483552,0.0370051181461788,0.0091328567965643,0.0022372742399351,0.005086858938238,0.101822522884116,0.0010975053714356,0.0010975053714356,0.0297218059786244,0.0120694713681748,0.0010975053714356,0.076484288988302,0.0150273769204009,0.0010975053714356,0.0010975053714356,0.0013169374545283,0.0010975053714356,0.320849352715907,0.0010975053714356,0.0010975053714356,0.0012415721199724,0.0036084777758751,0.0090663413988042,0.0010975053714356,0.0102111014510247,0.0010975053714356,0.001307446679472,0.0083085553342654,0.0193690736285135,0.0013363614007577,0.0029397411845747,0.0022169782281124,0.0041600100246493,0.0010975053714356,0.021968504429774,0.0018943683492973,0.0067331737987221,0.001841807103407,0.0125681165617117,0.233534725762065,0.0025083307723407,0.0214074151675495,0.0051561761195646,0.0073470729887377,0.0012068111333179,0.0142317071835178,0.0132758255613086,0.0014140439038018,0.0010975053714356,0.0018274619400794,0.0014072511108987,0.0062752934106275,0.0010975053714356,0.004205279358338,0.0015643599826968,0.0138064014742386,0.0472141808125807,0.112079804193218,0.0041390389965571,0.0010975053714356,0.0060932337089341,0.0010975053714356,0.0113330736074095,0.0054518056755738,0.0608258671891506,0.0012017200829454,0.0178074778107944,0.091623449383437,0.0170344481944582,0.0018649547353581,0.0011287756824779,0.356581402329523,0.0438119812419981,0.0489726001251226,0.0597875436289352,0.0035103966609245,0.0016325286191113,0.432913864668663,0.0010975053714356,0.0018903549287471,0.0021042316308572,0.123632842845643,0.0085254491857825,0.0050101282361996,0.01383806475238,0.0929615436415595,0.0015212028538625,0.004424075743705,0.0010975053714356,0.0019925513223971,0.079088387969234,0.0063563216928197,0.018391795786287,0.0174553142866029,0.0027739316266128,0.0153817731781991,0.0010975053714356,0.0603210949975194,0.0124446609161533,0.009318091647744,0.0013127633246754,0.01043743732948,0.0023662349432587,0.0109164299861048,0.0083033780314445,0.0088084604832873,0.0159629261212003,0.0144512154010975,0.0010975053714356,0.0588881490707978,0.0010975053714356,0.0018303875144476,0.0012336887305901,0.0039055652533799,0.0191622925867803,0.007801931834141,0.0071319300770394,0.0055918755905684,0.0010975053714356,0.251282994866644
alt_dw3_r1,0.0010975053714356,0.0420350142943776,0.0010975053714356,0.0010975053714356,0.0248667246813421,0.0104571608712933,0.0024557912687382,0.0045387615961129,0.14124347179724,0.0010975053714356,0.0010975053714356,0.0243717951688721,0.0318643594281588,0.0010975053714356,0.0752730104393431,0.02404974294255,0.0010975053714356,0.0010975053714356,0.0010975053714356,0.0010975053714356,0.381967293096964,0.0010975053714356,0.0010975053714356,0.0011394329900718,0.0027976463996028,0.0114243747350168,0.0010975053714356,0.0128043886744796,0.0010975053714356,0.0010975053714356,0.0077431007907725,0.0190508261749125,0.0010975053714356,0.0030553908591278,0.0013999862273605,0.0026538508670273,0.0010975053714356,0.017221242068263,0.0016934541710677,0.0038460029922593,0.0010975053714356,0.0115596374726947,0.650517303823682,0.0025290617430151,0.0130576022886352,0.0046457959411121,0.0039869537571694,0.0011411627386946,0.0158967022167587,0.0184291291738289,0.0010975053714356,0.0010975053714356,0.0012443873777789,0.0010975053714356,0.0037164000988185,0.0011361211233466,0.0047353103737506,0.0010975053714356,0.0138042099550709,0.0650007889737942,0.0707187419747053,0.0021692487783676,0.0010975053714356,0.0048573433515142,0.0010975053714356,0.011591102104219,0.0032066148941271,0.06065403831838,0.0010975053714356,0.0182298316272126,0.107364184381872,0.0153471653008323,0.0027589206032385,0.0010975053714356,0.414675153538771,0.0400680424869331,0.0638928601561744,0.0827409854824421,0.0029509006836367,0.0038262046667033,0.737712560533767,0.0010975053714356,0.0015452476463782,0.001851839212923,0.117402292867676,0.0095004255704151,0.0031819721182066,0.0175602841469376,0.243348893535958,0.0010975053714356,0.0069153129549195,0.0010975053714356,0.0013729947890838,0.0992810392782627,0.0094867057540672,0.0164718227905656,0.0194950477505405,0.0041228757530818,0.0136954100456657,0.0010975053714356,0.0781268856064325,0.0205661312699735,0.0155821780887083,0.0010975053714356,0.0119798646979744,0.0021189127643361,0.0056143669806904,0.0072441644290969,0.0068446402266706,0.0136218954332498,0.0110851771834594,0.0010975053714356,0.070050592498246,0.0010975053714356,0.0013097191679477,0.0010975053714356,0.0039570214750395,0.0189426662620008,0.0109859866297015,0.0418509519573896,0.0057060195441499,0.0010975053714356,0.324769951902707
alt_dw3_r2,0.0010975053714356,0.0400648508225174,0.0010975053714356,0.0016537100022973,0.0269790780991663,0.0102210507423303,0.0027227527681148,0.0062652995512353,0.122278634371138,0.0010975053714356,0.0010975053714356,0.0231597139793241,0.0289342562488489,0.0018814602695673,0.0666903023409975,0.0227911278508776,0.0010975053714356,0.0011192264328359,0.0014874938780727,0.0011253470709256,0.395554244320538,0.0010975053714356,0.0020799695167846,0.0012362803267377,0.004359100227236,0.010788130297144,0.0010975053714356,0.0103429456018616,0.0010975053714356,0.0014938167264266,0.0070773367625243,0.0176673800012004,0.001376103292199,0.0036074109382067,0.0018387516208892,0.0032037355313371,0.0017404350954755,0.0183401358372398,0.0019805567686694,0.0032103604239877,0.0023043497873757,0.0108610272167086,0.315270163916531,0.0026462739289877,0.0149826293532041,0.0045337561824428,0.0048718962687954,0.0015196061791416,0.0146855638673623,0.01639820504892,0.0011573592569962,0.0010975053714356,0.0010975053714356,0.0014257536114568,0.0039927606080181,0.0014880611090896,0.0054710109138822,0.0015499992597604,0.0127874234291404,0.0684514873948365,0.0941875822484205,0.0026780041350822,0.0013960264914295,0.0047328141599601,0.0010975053714356,0.0114143854663078,0.0041155489104259,0.0568284047292904,0.0010975053714356,0.0164321010911887,0.14948407244192,0.0134165366576629,0.0024000302234171,0.0010975053714356,0.388206735042378,0.039272941753667,0.0709392173686209,0.0707666286140473,0.0032822427580546,0.0040633940963093,0.636862858889636,0.0010975053714356,0.0020721884174886,0.0021884786572878,0.10750169279158,0.008851343834501,0.0032308240865464,0.0149994047946307,0.264443507298612,0.0019089990128039,0.0067713839525161,0.0010975053714356,0.0020361689548698,0.0874167032650844,0.0093474895087312,0.0143315003901717,0.0186072862825912,0.0046914303496463,0.0135501777853415,0.0012546280182825,0.0751908612272938,0.0243091556931722,0.0156660267997491,0.0013090142983761,0.0114549340359592,0.0024466054793441,0.0058873793241934,0.007010136861571,0.0062245590125,0.0123163888620388,0.010204775809182,0.0010975053714356,0.0562731083586632,0.0011883701926301,0.001795648935883,0.0010977046598089,0.0036179017831681,0.0175291931809694,0.0096739082246169,0.0359901006900552,0.0057005379117979,0.0013512580311167,0.327228104828229
air_dw2_r1,0.002758298362524,0.0178383551444474,0.0028251560497747,0.0032094011859755,0.0128460221671084,0.0039156884981892,0.0025784618318593,0.0076975419419703,0.0509546952470401,0.0022855369484308,0.0019824994197986,0.0185953740516538,0.0075504530397367,0.0017529658427448,0.0581063006156872,0.0085251838395989,0.0020257131966735,0.0022084437720988,0.0024193547873853,0.0025448247823112,0.104620543943772,0.0019204721980584,0.001893604582346,0.0013089859651474,0.0038351022430887,0.0044029188045105,0.0023143971663018,0.0202803808469004,0.0024341087865441,0.0026262197764595,0.0056516411516625,0.0140745645358158,0.0024737175693414,0.0028422165184184,0.0028731321745364,0.0039574315233981,0.0023109822188962,0.0198740929658983,0.0036666858116923,0.007815401323996,0.0031298142262397,0.0174856893710708,0.0712936113860862,0.0024433476565606,0.0188685530811122,0.0032053337488651,0.0131706955064485,0.0028506940488404,0.0084989679106599,0.0055858894138055,0.0021423616744625,0.0010975053714356,0.0035158613793268,0.0027552677359226,0.0051304490357299,0.0021522080455527,0.0030161293180832,0.0029864570760855,0.0102560541056459,0.005298539443918,0.0273072867473878,0.004928609647569,0.0022221408950667,0.0050315181466119,0.002477882095694,0.0065081923985719,0.0039466411124365,0.0190825200150461,0.0020933817321555,0.0144390756805753,,,0.0032820174617936,0.002101471598021,0.0279596171781872,0.0153949366045614,0.0103042299881847,0.0248523833785057,0.0033485629726875,0.0020218162455815,0.0370905402499514,0.0022695425907233,0.0047935154162113,0.0041337650718579,,0.0069809224502076,0.0037486657007246,0.0103733214523896,0.120167338735061,0.0024932773274663,0.0031498851477289,0.001795032940773,0.0028252275250437,0.0633114143427362,,,0.0102991185191566,0.0064815179209519,0.013837843877967,0.0029329391362334,0.0062810169521849,0.0073285671542732,0.0083634683242501,0.0019250591195503,0.0037879735454212,0.0026393163757901,0.0086257026838551,0.0085535252967515,0.0105299483269108,0.0126492829064966,0.0145653489173307,0.0024066192498905,0.858293136619439,0.0022280010799941,0.0032425338279102,0.002665820638536,0.0042279998060692,0.0170888411749047,0.0098093478894581,0.0027445413810741,0.0054993685945403,0.002302105590404,0.0769794608349118
air_dw2_r2,0.0034147847329286,0.008404305457724,0.0028838840783728,0.0041197227838723,0.0054759891446029,0.0034944907975861,0.0030157029163182,0.0021077905569344,0.0077595798617673,0.0025000454822639,0.0025613972603665,0.0015330945001692,0.0035513970686376,0.003361894214233,0.0859736364161408,0.0045269294662951,0.0038315448535092,0.002515387858995,0.0032796920101792,0.0027700629815454,0.0444186860412191,0.0026231304066298,0.0014621858745097,0.0029382316170056,0.0040040282981314,0.0036991170703137,0.0058580699481468,0.0024493787966464,0.0026291360284535,0.0023989952002998,0.0068865157545531,0.0153066703401068,0.0026456953262993,0.0030805064998608,0.0036101847665747,0.0031404672781773,0.0023755803413918,0.0181032661748083,0.0030464700484078,0.0134517465093283,0.0032391258450476,0.0021709906821002,0.0098441648335388,0.0029704275463905,0.0656665170175265,0.0010975053714356,0.0576945883217672,0.0074827941354291,0.009073214768257,0.0047007146129223,0.001620829332817,0.003849444729434,0.0027360833518536,0.0024749973435048,0.0070418456681237,0.0038158956070794,0.0043718771947439,0.0035818971134535,0.0012316508389635,0.0010975053714356,0.0058181715158194,0.0170673683881332,0.0028175772317155,0.0060594158146941,0.0028738743704436,0.0047902925639022,0.0018567778067875,0.002889054026178,0.0025576858892686,0.0077726278685636,,,0.0033370005751559,0.0036239498539602,0.0124094690103444,0.0102888181445001,0.0043804873765236,0.0055348502267253,0.002387652110089,,0.0229948684517516,0.0049027810648248,0.0037468138393701,0.004811575418609,,0.0057689369232914,0.0027718438717281,0.0025668678510447,0.0145233847119421,0.0052576572221406,0.0025890379824227,0.0021816887484525,0.0035845980242154,0.0151869026330171,,,0.0087456009870716,0.0029487735666052,0.0037154741452455,0.003168868141612,0.0027630270598253,0.0036582750895046,0.0049779607309579,0.0027387737404825,0.0038724417391478,0.0028356607095561,0.0216491651527317,0.0124817435219204,0.0225360026851787,0.0252816918889937,0.0335411571357715,0.0032470624967067,0.0575402937585741,0.0027109444199832,0.0039104114753875,0.0031766651424852,0.0030880881842934,0.0163715168173276,0.0181602685266864,0.0027351697436331,0.0029715092465895,0.0027822906153127,0.02326615703084
air_dw3_r1,0.0047819170278622,0.0094562852024291,0.003944253257275,0.0053248893629405,0.0103124227545523,0.0056713501885556,0.0041474195570843,0.0051537767915746,0.0166344448599097,0.0039302053804316,0.0037236260568501,0.0090732179534567,0.0046219555080251,0.0037199362594196,0.0129814964667321,0.0078164194776695,0.0055560511088022,0.0041039706829748,0.0045281040272736,0.004209903747208,0.0529663565306645,0.0036950611258758,0.0025820493624168,0.0041063257604174,0.0053257257118092,0.0068330485247772,0.0042900137608115,0.0049039661848482,0.0041416138450584,0.0040869522622087,0.0061997857711089,0.0157175070040027,0.0044636975399689,0.0046885606345445,0.005135340563384,0.0049683169465338,0.0041844100322008,,0.0044845083110438,0.0094753278920718,0.0041560002289583,0.0104396875198414,0.0294012782043612,0.0041086400828129,0.0148455796952494,0.0017806181477656,0.0114049805424055,0.0065263810944534,0.0080678296695466,0.00621463383475,0.003450463312626,0.0010975053714356,0.0056971080879962,0.0042045907245251,0.0066784822336936,0.0037088068923569,0.0032098324272584,0.004638323758598,0.0113680505871438,0.0040041013320114,0.0064630494761474,0.0065184407480786,0.0039448364947544,0.0055329156764957,0.0042848045344873,0.0063612201654674,0.0048921328382158,0.0180398765233112,0.0041406100069229,0.013660930933049,,,0.0046691337576804,0.0059739369047968,0.0199831911336826,0.0130016670399832,0.0091995753959574,0.0303302264677573,0.0067341426240806,0.0043541090827869,0.0298387692814357,0.0040689168390738,0.0049237417138964,0.0057318207905515,,0.0085619844473078,0.0048252002962609,0.0067651529952024,0.0510826873376832,0.0042281362197321,0.0038450558626146,0.0046714545789466,0.0050930394119622,0.116671952939307,,,0.0072092259198734,0.0054443368821361,0.0160635137540702,0.0049510931198131,0.006017326624272,0.0051195180009892,0.0066137373933967,0.0034834730654667,0.0050693095572239,0.0049610841555535,0.0120558638816154,0.011172891610911,0.0119935781345586,0.0141330686976173,0.0168457272384795,0.0039178667681089,0.92865807952811,0.0042154121050608,0.0053005073871716,0.0043402088581414,0.0054985401786575,0.0196437217538403,0.017404766907999,0.0039044304654938,0.0068756958334095,0.0042530640225582,0.0639200429486356
